date,weekday,sales
2022-01-01,Sat,305
2022-01-02,Sun,277
2022-01-03,Mon,201
2022-01-04,Tue,182
2022-01-05,Wed,184
2022-01-06,Thu,211
2022-01-07,Fri,251
2022-01-08,Sat,299
2022-01-09,Sun,278
2022-01-10,Mon,197
2022-01-11,Tue,200
2022-01-12,Wed,191
2022-01-13,Thu,198
2022-01-14,Fri,257
2022-01-15,Sat,294
2022-01-16,Sun,267
2022-01-17,Mon,173
2022-01-18,Tue,187
2022-01-19,Wed,185
2022-01-20,Thu,201
2022-01-21,Fri,250
2022-01-22,Sat,276
2022-01-23,Sun,251
2022-01-24,Mon,189
2022-01-25,Tue,184
2022-01-26,Wed,195
2022-01-27,Thu,206
2022-01-28,Fri,244
2022-01-29,Sat,286
2022-01-30,Sun,259
2022-01-31,Mon,187
2022-02-01,Tue,195
2022-02-02,Wed,200
2022-02-03,Thu,226
2022-02-04,Fri,231
2022-02-05,Sat,303
2022-02-06,Sun,250
2022-02-07,Mon,175
2022-02-08,Tue,203
2022-02-09,Wed,191
2022-02-10,Thu,202
2022-02-11,Fri,221
2022-02-12,Sat,265
2022-02-13,Sun,260
2022-02-14,Mon,172
2022-02-15,Tue,197
2022-02-16,Wed,215
2022-02-17,Thu,204
2022-02-18,Fri,222
2022-02-19,Sat,290
2022-02-20,Sun,260
2022-02-21,Mon,180
2022-02-22,Tue,187
2022-02-23,Wed,208
2022-02-24,Thu,218
2022-02-25,Fri,241
2022-02-26,Sat,274
2022-02-27,Sun,249
2022-02-28,Mon,188
2022-03-01,Tue,183
2022-03-02,Wed,185
2022-03-03,Thu,194
2022-03-04,Fri,224
2022-03-05,Sat,274
2022-03-06,Sun,242
2022-03-07,Mon,193
2022-03-08,Tue,175
2022-03-09,Wed,200
2022-03-10,Thu,205
2022-03-11,Fri,231
2022-03-12,Sat,270
2022-03-13,Sun,240
2022-03-14,Mon,200
2022-03-15,Tue,184
2022-03-16,Wed,194
2022-03-17,Thu,206
2022-03-18,Fri,239
2022-03-19,Sat,274
2022-03-20,Sun,236
2022-03-21,Mon,176
2022-03-22,Tue,178
2022-03-23,Wed,195
2022-03-24,Thu,199
2022-03-25,Fri,228
2022-03-26,Sat,275
2022-03-27,Sun,254
2022-03-28,Mon,169
2022-03-29,Tue,174
2022-03-30,Wed,195
2022-03-31,Thu,194
2022-04-01,Fri,227
2022-04-02,Sat,263
2022-04-03,Sun,239
2022-04-04,Mon,179
2022-04-05,Tue,163
2022-04-06,Wed,176
2022-04-07,Thu,198
2022-04-08,Fri,246
2022-04-09,Sat,274
2022-04-10,Sun,236
2022-04-11,Mon,163
2022-04-12,Tue,180
2022-04-13,Wed,154
2022-04-14,Thu,191
2022-04-15,Fri,216
2022-04-16,Sat,261
2022-04-17,Sun,260
2022-04-18,Mon,144
2022-04-19,Tue,174
2022-04-20,Wed,181
2022-04-21,Thu,195
2022-04-22,Fri,200
2022-04-23,Sat,260
2022-04-24,Sun,216
2022-04-25,Mon,168
2022-04-26,Tue,176
2022-04-27,Wed,181
2022-04-28,Thu,187
2022-04-29,Fri,218
2022-04-30,Sat,265
2022-05-01,Sun,236
2022-05-02,Mon,169
2022-05-03,Tue,153
2022-05-04,Wed,169
2022-05-05,Thu,191
2022-05-06,Fri,205
2022-05-07,Sat,253
2022-05-08,Sun,231
2022-05-09,Mon,167
2022-05-10,Tue,181
2022-05-11,Wed,183
2022-05-12,Thu,182
2022-05-13,Fri,215
2022-05-14,Sat,229
2022-05-15,Sun,220
2022-05-16,Mon,165
2022-05-17,Tue,144
2022-05-18,Wed,173
2022-05-19,Thu,189
2022-05-20,Fri,224
2022-05-21,Sat,264
2022-05-22,Sun,249
2022-05-23,Mon,183
2022-05-24,Tue,152
2022-05-25,Wed,173
2022-05-26,Thu,184
2022-05-27,Fri,213
2022-05-28,Sat,252
2022-05-29,Sun,235
2022-05-30,Mon,174
2022-05-31,Tue,153
2022-06-01,Wed,186
2022-06-02,Thu,178
2022-06-03,Fri,224
2022-06-04,Sat,265
2022-06-05,Sun,226
2022-06-06,Mon,188
2022-06-07,Tue,180
2022-06-08,Wed,176
2022-06-09,Thu,188
2022-06-10,Fri,239
2022-06-11,Sat,274
2022-06-12,Sun,238
2022-06-13,Mon,169
2022-06-14,Tue,176
2022-06-15,Wed,178
2022-06-16,Thu,169
2022-06-17,Fri,223
2022-06-18,Sat,264
2022-06-19,Sun,214
2022-06-20,Mon,160
2022-06-21,Tue,168
2022-06-22,Wed,180
2022-06-23,Thu,205
2022-06-24,Fri,214
2022-06-25,Sat,239
2022-06-26,Sun,237
2022-06-27,Mon,166
2022-06-28,Tue,152
2022-06-29,Wed,152
2022-06-30,Thu,176
2022-07-01,Fri,219
2022-07-02,Sat,254
2022-07-03,Sun,238
2022-07-04,Mon,165
2022-07-05,Tue,175
2022-07-06,Wed,186
2022-07-07,Thu,195
2022-07-08,Fri,205
2022-07-09,Sat,285
2022-07-10,Sun,211
2022-07-11,Mon,168
2022-07-12,Tue,163
2022-07-13,Wed,193
2022-07-14,Thu,176
2022-07-15,Fri,207
2022-07-16,Sat,254
2022-07-17,Sun,220
2022-07-18,Mon,165
2022-07-19,Tue,178
2022-07-20,Wed,171
2022-07-21,Thu,173
2022-07-22,Fri,217
2022-07-23,Sat,268
2022-07-24,Sun,245
2022-07-25,Mon,164
2022-07-26,Tue,175
2022-07-27,Wed,194
2022-07-28,Thu,183
2022-07-29,Fri,222
2022-07-30,Sat,268
2022-07-31,Sun,224
2022-08-01,Mon,174
2022-08-02,Tue,192
2022-08-03,Wed,210
2022-08-04,Thu,180
2022-08-05,Fri,236
2022-08-06,Sat,287
2022-08-07,Sun,256
2022-08-08,Mon,172
2022-08-09,Tue,185
2022-08-10,Wed,181
2022-08-11,Thu,205
2022-08-12,Fri,242
2022-08-13,Sat,276
2022-08-14,Sun,248
2022-08-15,Mon,189
2022-08-16,Tue,192
2022-08-17,Wed,183
2022-08-18,Thu,217
2022-08-19,Fri,237
2022-08-20,Sat,284
2022-08-21,Sun,250
2022-08-22,Mon,190
2022-08-23,Tue,198
2022-08-24,Wed,180
2022-08-25,Thu,195
2022-08-26,Fri,216
2022-08-27,Sat,292
2022-08-28,Sun,257
2022-08-29,Mon,181
2022-08-30,Tue,177
2022-08-31,Wed,211
2022-09-01,Thu,225
2022-09-02,Fri,256
2022-09-03,Sat,292
2022-09-04,Sun,258
2022-09-05,Mon,189
2022-09-06,Tue,191
2022-09-07,Wed,186
2022-09-08,Thu,204
2022-09-09,Fri,251
2022-09-10,Sat,295
2022-09-11,Sun,256
2022-09-12,Mon,188
2022-09-13,Tue,215
2022-09-14,Wed,219
2022-09-15,Thu,226
2022-09-16,Fri,248
2022-09-17,Sat,287
2022-09-18,Sun,267
2022-09-19,Mon,190
2022-09-20,Tue,205
2022-09-21,Wed,217
2022-09-22,Thu,210
2022-09-23,Fri,264
2022-09-24,Sat,305
2022-09-25,Sun,270
2022-09-26,Mon,190
2022-09-27,Tue,199
2022-09-28,Wed,209
2022-09-29,Thu,218
2022-09-30,Fri,249
2022-10-01,Sat,304
2022-10-02,Sun,295
2022-10-03,Mon,197
2022-10-04,Tue,212
2022-10-05,Wed,212
2022-10-06,Thu,191
2022-10-07,Fri,291
2022-10-08,Sat,313
2022-10-09,Sun,270
2022-10-10,Mon,216
2022-10-11,Tue,223
2022-10-12,Wed,208
2022-10-13,Thu,217
2022-10-14,Fri,250
2022-10-15,Sat,321
2022-10-16,Sun,282
2022-10-17,Mon,213
2022-10-18,Tue,208
2022-10-19,Wed,211
2022-10-20,Thu,231
2022-10-21,Fri,257
2022-10-22,Sat,328
2022-10-23,Sun,288
2022-10-24,Mon,213
2022-10-25,Tue,217
2022-10-26,Wed,215
2022-10-27,Thu,213
2022-10-28,Fri,280
2022-10-29,Sat,337
2022-10-30,Sun,278
2022-10-31,Mon,219
2022-11-01,Tue,216
2022-11-02,Wed,221
2022-11-03,Thu,235
2022-11-04,Fri,260
2022-11-05,Sat,327
2022-11-06,Sun,290
2022-11-07,Mon,214
2022-11-08,Tue,210
2022-11-09,Wed,228
2022-11-10,Thu,230
2022-11-11,Fri,266
2022-11-12,Sat,332
2022-11-13,Sun,287
2022-11-14,Mon,202
2022-11-15,Tue,213
2022-11-16,Wed,218
2022-11-17,Thu,240
2022-11-18,Fri,281
2022-11-19,Sat,341
2022-11-20,Sun,287
2022-11-21,Mon,211
2022-11-22,Tue,223
2022-11-23,Wed,210
2022-11-24,Thu,250
2022-11-25,Fri,289
2022-11-26,Sat,344
2022-11-27,Sun,273
2022-11-28,Mon,219
2022-11-29,Tue,201
2022-11-30,Wed,239
2022-12-01,Thu,220
2022-12-02,Fri,265
2022-12-03,Sat,348
2022-12-04,Sun,289
2022-12-05,Mon,193
2022-12-06,Tue,218
2022-12-07,Wed,245
2022-12-08,Thu,241
2022-12-09,Fri,281
2022-12-10,Sat,362
2022-12-11,Sun,319
2022-12-12,Mon,247
2022-12-13,Tue,250
2022-12-14,Wed,246
2022-12-15,Thu,258
2022-12-16,Fri,318
2022-12-17,Sat,367
2022-12-18,Sun,320
2022-12-19,Mon,248
2022-12-20,Tue,243
2022-12-21,Wed,243
2022-12-22,Thu,283
2022-12-23,Fri,328
2022-12-24,Sat,376
2022-12-25,Sun,341
2022-12-26,Mon,247
2022-12-27,Tue,258
2022-12-28,Wed,265
2022-12-29,Thu,270
2022-12-30,Fri,330
2022-12-31,Sat,400
2023-01-01,Sun,303
2023-01-02,Mon,227
2023-01-03,Tue,233
2023-01-04,Wed,237
2023-01-05,Thu,216
2023-01-06,Fri,269
2023-01-07,Sat,343
2023-01-08,Sun,310
2023-01-09,Mon,208
2023-01-10,Tue,216
2023-01-11,Wed,251
2023-01-12,Thu,216
2023-01-13,Fri,276
2023-01-14,Sat,334
2023-01-15,Sun,296
2023-01-16,Mon,215
2023-01-17,Tue,231
2023-01-18,Wed,242
2023-01-19,Thu,278
2023-01-20,Fri,299
2023-01-21,Sat,339
2023-01-22,Sun,302
2023-01-23,Mon,230
2023-01-24,Tue,252
2023-01-25,Wed,228
2023-01-26,Thu,247
2023-01-27,Fri,276
2023-01-28,Sat,352
2023-01-29,Sun,283
2023-01-30,Mon,219
2023-01-31,Tue,207
2023-02-01,Wed,232
2023-02-02,Thu,251
2023-02-03,Fri,272
2023-02-04,Sat,334
2023-02-05,Sun,309
2023-02-06,Mon,215
2023-02-07,Tue,227
2023-02-08,Wed,225
2023-02-09,Thu,230
2023-02-10,Fri,270
2023-02-11,Sat,358
2023-02-12,Sun,291
2023-02-13,Mon,215
2023-02-14,Tue,232
2023-02-15,Wed,231
2023-02-16,Thu,245
2023-02-17,Fri,298
2023-02-18,Sat,342
2023-02-19,Sun,283
2023-02-20,Mon,220
2023-02-21,Tue,211
2023-02-22,Wed,221
2023-02-23,Thu,249
2023-02-24,Fri,272
2023-02-25,Sat,326
2023-02-26,Sun,284
2023-02-27,Mon,213
2023-02-28,Tue,213
2023-03-01,Wed,234
2023-03-02,Thu,237
2023-03-03,Fri,267
2023-03-04,Sat,361
2023-03-05,Sun,291
2023-03-06,Mon,201
2023-03-07,Tue,200
2023-03-08,Wed,208
2023-03-09,Thu,218
2023-03-10,Fri,265
2023-03-11,Sat,323
2023-03-12,Sun,291
2023-03-13,Mon,196
2023-03-14,Tue,207
2023-03-15,Wed,212
2023-03-16,Thu,249
2023-03-17,Fri,265
2023-03-18,Sat,326
2023-03-19,Sun,294
2023-03-20,Mon,208
2023-03-21,Tue,209
2023-03-22,Wed,212
2023-03-23,Thu,225
2023-03-24,Fri,261
2023-03-25,Sat,315
2023-03-26,Sun,277
2023-03-27,Mon,224
2023-03-28,Tue,193
2023-03-29,Wed,192
2023-03-30,Thu,230
2023-03-31,Fri,274
2023-04-01,Sat,312
2023-04-02,Sun,286
2023-04-03,Mon,220
2023-04-04,Tue,203
2023-04-05,Wed,215
2023-04-06,Thu,215
2023-04-07,Fri,249
2023-04-08,Sat,307
2023-04-09,Sun,282
2023-04-10,Mon,216
2023-04-11,Tue,212
2023-04-12,Wed,201
2023-04-13,Thu,214
2023-04-14,Fri,250
2023-04-15,Sat,309
2023-04-16,Sun,278
2023-04-17,Mon,182
2023-04-18,Tue,191
2023-04-19,Wed,229
2023-04-20,Thu,226
2023-04-21,Fri,257
2023-04-22,Sat,291
2023-04-23,Sun,281
2023-04-24,Mon,203
2023-04-25,Tue,185
2023-04-26,Wed,194
2023-04-27,Thu,226
2023-04-28,Fri,236
2023-04-29,Sat,311
2023-04-30,Sun,262
2023-05-01,Mon,203
2023-05-02,Tue,210
2023-05-03,Wed,227
2023-05-04,Thu,198
2023-05-05,Fri,233
2023-05-06,Sat,302
2023-05-07,Sun,285
2023-05-08,Mon,200
2023-05-09,Tue,183
2023-05-10,Wed,215
2023-05-11,Thu,215
2023-05-12,Fri,262
2023-05-13,Sat,288
2023-05-14,Sun,275
2023-05-15,Mon,208
2023-05-16,Tue,187
2023-05-17,Wed,206
2023-05-18,Thu,220
2023-05-19,Fri,249
2023-05-20,Sat,290
2023-05-21,Sun,275
2023-05-22,Mon,182
2023-05-23,Tue,198
2023-05-24,Wed,209
2023-05-25,Thu,219
2023-05-26,Fri,252
2023-05-27,Sat,279
2023-05-28,Sun,238
2023-05-29,Mon,194
2023-05-30,Tue,200
2023-05-31,Wed,218
2023-06-01,Thu,212
2023-06-02,Fri,243
2023-06-03,Sat,282
2023-06-04,Sun,267
2023-06-05,Mon,208
2023-06-06,Tue,192
2023-06-07,Wed,208
2023-06-08,Thu,227
2023-06-09,Fri,258
2023-06-10,Sat,309
2023-06-11,Sun,274
2023-06-12,Mon,155
2023-06-13,Tue,176
2023-06-14,Wed,207
2023-06-15,Thu,196
2023-06-16,Fri,256
2023-06-17,Sat,293
2023-06-18,Sun,246
2023-06-19,Mon,202
2023-06-20,Tue,190
2023-06-21,Wed,193
2023-06-22,Thu,223
2023-06-23,Fri,244
2023-06-24,Sat,287
2023-06-25,Sun,253
2023-06-26,Mon,175
2023-06-27,Tue,216
2023-06-28,Wed,219
2023-06-29,Thu,216
2023-06-30,Fri,240
2023-07-01,Sat,307
2023-07-02,Sun,264
2023-07-03,Mon,203
2023-07-04,Tue,206
2023-07-05,Wed,206
2023-07-06,Thu,214
2023-07-07,Fri,256
2023-07-08,Sat,304
2023-07-09,Sun,249
2023-07-10,Mon,198
2023-07-11,Tue,220
2023-07-12,Wed,203
2023-07-13,Thu,222
2023-07-14,Fri,247
2023-07-15,Sat,309
2023-07-16,Sun,267
2023-07-17,Mon,223
2023-07-18,Tue,207
2023-07-19,Wed,209
2023-07-20,Thu,224
2023-07-21,Fri,255
2023-07-22,Sat,325
2023-07-23,Sun,265
2023-07-24,Mon,190
2023-07-25,Tue,210
2023-07-26,Wed,209
2023-07-27,Thu,216
2023-07-28,Fri,236
2023-07-29,Sat,312
2023-07-30,Sun,269
2023-07-31,Mon,213
2023-08-01,Tue,194
2023-08-02,Wed,218
2023-08-03,Thu,225
2023-08-04,Fri,252
2023-08-05,Sat,330
2023-08-06,Sun,295
2023-08-07,Mon,200
2023-08-08,Tue,207
2023-08-09,Wed,193
2023-08-10,Thu,239
2023-08-11,Fri,261
2023-08-12,Sat,333
2023-08-13,Sun,278
2023-08-14,Mon,213
2023-08-15,Tue,217
2023-08-16,Wed,225
2023-08-17,Thu,227
2023-08-18,Fri,259
2023-08-19,Sat,312
2023-08-20,Sun,289
2023-08-21,Mon,200
2023-08-22,Tue,220
2023-08-23,Wed,202
2023-08-24,Thu,250
2023-08-25,Fri,276
2023-08-26,Sat,330
2023-08-27,Sun,282
2023-08-28,Mon,203
2023-08-29,Tue,213
2023-08-30,Wed,233
2023-08-31,Thu,241
2023-09-01,Fri,278
2023-09-02,Sat,344
2023-09-03,Sun,302
2023-09-04,Mon,225
2023-09-05,Tue,220
2023-09-06,Wed,218
2023-09-07,Thu,257
2023-09-08,Fri,292
2023-09-09,Sat,320
2023-09-10,Sun,297
2023-09-11,Mon,244
2023-09-12,Tue,238
2023-09-13,Wed,244
2023-09-14,Thu,220
2023-09-15,Fri,278
2023-09-16,Sat,335
2023-09-17,Sun,302
2023-09-18,Mon,221
2023-09-19,Tue,239
2023-09-20,Wed,230
2023-09-21,Thu,247
2023-09-22,Fri,276
2023-09-23,Sat,332
2023-09-24,Sun,312
2023-09-25,Mon,237
2023-09-26,Tue,230
2023-09-27,Wed,254
2023-09-28,Thu,248
2023-09-29,Fri,296
2023-09-30,Sat,331
2023-10-01,Sun,316
2023-10-02,Mon,247
2023-10-03,Tue,226
2023-10-04,Wed,247
2023-10-05,Thu,260
2023-10-06,Fri,290
2023-10-07,Sat,361
2023-10-08,Sun,314
2023-10-09,Mon,223
2023-10-10,Tue,236
2023-10-11,Wed,242
2023-10-12,Thu,260
2023-10-13,Fri,273
2023-10-14,Sat,358
2023-10-15,Sun,332
2023-10-16,Mon,241
2023-10-17,Tue,253
2023-10-18,Wed,247
2023-10-19,Thu,274
2023-10-20,Fri,319
2023-10-21,Sat,362
2023-10-22,Sun,323
2023-10-23,Mon,269
2023-10-24,Tue,237
2023-10-25,Wed,230
2023-10-26,Thu,283
2023-10-27,Fri,306
2023-10-28,Sat,355
2023-10-29,Sun,314
2023-10-30,Mon,243
2023-10-31,Tue,230
2023-11-01,Wed,245
2023-11-02,Thu,252
2023-11-03,Fri,309
2023-11-04,Sat,375
2023-11-05,Sun,311
2023-11-06,Mon,258
2023-11-07,Tue,237
2023-11-08,Wed,252
2023-11-09,Thu,294
2023-11-10,Fri,308
2023-11-11,Sat,373
2023-11-12,Sun,328
2023-11-13,Mon,253
2023-11-14,Tue,243
2023-11-15,Wed,236
2023-11-16,Thu,258
2023-11-17,Fri,306
2023-11-18,Sat,380
2023-11-19,Sun,319
2023-11-20,Mon,247
2023-11-21,Tue,246
2023-11-22,Wed,248
2023-11-23,Thu,272
2023-11-24,Fri,336
2023-11-25,Sat,380
2023-11-26,Sun,337
2023-11-27,Mon,256
2023-11-28,Tue,251
2023-11-29,Wed,267
2023-11-30,Thu,281
2023-12-01,Fri,304
2023-12-02,Sat,397
2023-12-03,Sun,339
2023-12-04,Mon,250
2023-12-05,Tue,261
2023-12-06,Wed,259
2023-12-07,Thu,297
2023-12-08,Fri,342
2023-12-09,Sat,433
2023-12-10,Sun,356
2023-12-11,Mon,261
2023-12-12,Tue,292
2023-12-13,Wed,265
2023-12-14,Thu,295
2023-12-15,Fri,364
2023-12-16,Sat,416
2023-12-17,Sun,403
2023-12-18,Mon,271
2023-12-19,Tue,272
2023-12-20,Wed,296
2023-12-21,Thu,313
2023-12-22,Fri,355
2023-12-23,Sat,437
2023-12-24,Sun,393
2023-12-25,Mon,282
2023-12-26,Tue,284
2023-12-27,Wed,306
2023-12-28,Thu,324
2023-12-29,Fri,356
2023-12-30,Sat,462
2023-12-31,Sun,404
2024-01-01,Mon,265
2024-01-02,Tue,251
2024-01-03,Wed,253
2024-01-04,Thu,270
2024-01-05,Fri,333
2024-01-06,Sat,396
2024-01-07,Sun,342
2024-01-08,Mon,237
2024-01-09,Tue,250
2024-01-10,Wed,265
2024-01-11,Thu,285
2024-01-12,Fri,315
2024-01-13,Sat,403
2024-01-14,Sun,340
2024-01-15,Mon,263
2024-01-16,Tue,239
2024-01-17,Wed,271
2024-01-18,Thu,274
2024-01-19,Fri,296
2024-01-20,Sat,395
2024-01-21,Sun,335
2024-01-22,Mon,260
2024-01-23,Tue,241
2024-01-24,Wed,262
2024-01-25,Thu,281
2024-01-26,Fri,299
2024-01-27,Sat,382
2024-01-28,Sun,346
2024-01-29,Mon,238
2024-01-30,Tue,245
2024-01-31,Wed,271
2024-02-01,Thu,306
2024-02-02,Fri,308
2024-02-03,Sat,389
2024-02-04,Sun,331
2024-02-05,Mon,263
2024-02-06,Tue,245
2024-02-07,Wed,262
2024-02-08,Thu,287
2024-02-09,Fri,302
2024-02-10,Sat,388
2024-02-11,Sun,333
2024-02-12,Mon,225
2024-02-13,Tue,243
2024-02-14,Wed,258
2024-02-15,Thu,266
2024-02-16,Fri,321
2024-02-17,Sat,375
2024-02-18,Sun,335
2024-02-19,Mon,248
2024-02-20,Tue,271
2024-02-21,Wed,263
2024-02-22,Thu,261
2024-02-23,Fri,326
2024-02-24,Sat,377
2024-02-25,Sun,333
2024-02-26,Mon,227
2024-02-27,Tue,242
2024-02-28,Wed,256
2024-02-29,Thu,250
2024-03-01,Fri,302
2024-03-02,Sat,372
2024-03-03,Sun,319
2024-03-04,Mon,254
2024-03-05,Tue,262
2024-03-06,Wed,236
2024-03-07,Thu,243
2024-03-08,Fri,288
2024-03-09,Sat,384
2024-03-10,Sun,311
2024-03-11,Mon,233
2024-03-12,Tue,256
2024-03-13,Wed,257
2024-03-14,Thu,273
2024-03-15,Fri,301
2024-03-16,Sat,390
2024-03-17,Sun,316
2024-03-18,Mon,220
2024-03-19,Tue,240
2024-03-20,Wed,278
2024-03-21,Thu,277
2024-03-22,Fri,294
2024-03-23,Sat,344
2024-03-24,Sun,319
2024-03-25,Mon,237
2024-03-26,Tue,243
2024-03-27,Wed,243
2024-03-28,Thu,246
2024-03-29,Fri,288
2024-03-30,Sat,363
2024-03-31,Sun,330
2024-04-01,Mon,241
2024-04-02,Tue,232
2024-04-03,Wed,240
2024-04-04,Thu,268
2024-04-05,Fri,304
2024-04-06,Sat,360
2024-04-07,Sun,287
2024-04-08,Mon,212
2024-04-09,Tue,240
2024-04-10,Wed,252
2024-04-11,Thu,258
2024-04-12,Fri,290
2024-04-13,Sat,351
2024-04-14,Sun,313
2024-04-15,Mon,209
2024-04-16,Tue,222
2024-04-17,Wed,244
2024-04-18,Thu,247
2024-04-19,Fri,285
2024-04-20,Sat,348
2024-04-21,Sun,310
2024-04-22,Mon,217
2024-04-23,Tue,216
2024-04-24,Wed,239
2024-04-25,Thu,229
2024-04-26,Fri,282
2024-04-27,Sat,330
2024-04-28,Sun,316
2024-04-29,Mon,248
2024-04-30,Tue,213
2024-05-01,Wed,244
2024-05-02,Thu,241
2024-05-03,Fri,275
2024-05-04,Sat,338
2024-05-05,Sun,306
2024-05-06,Mon,227
2024-05-07,Tue,217
2024-05-08,Wed,225
2024-05-09,Thu,257
2024-05-10,Fri,296
2024-05-11,Sat,330
2024-05-12,Sun,297
2024-05-13,Mon,230
2024-05-14,Tue,247
2024-05-15,Wed,234
2024-05-16,Thu,249
2024-05-17,Fri,269
2024-05-18,Sat,351
2024-05-19,Sun,305
2024-05-20,Mon,214
2024-05-21,Tue,223
2024-05-22,Wed,255
2024-05-23,Thu,260
2024-05-24,Fri,295
2024-05-25,Sat,329
2024-05-26,Sun,285
2024-05-27,Mon,200
2024-05-28,Tue,229
2024-05-29,Wed,217
2024-05-30,Thu,231
2024-05-31,Fri,291
2024-06-01,Sat,318
2024-06-02,Sun,304
2024-06-03,Mon,204
2024-06-04,Tue,223
2024-06-05,Wed,256
2024-06-06,Thu,246
2024-06-07,Fri,275
2024-06-08,Sat,336
2024-06-09,Sun,295
2024-06-10,Mon,211
2024-06-11,Tue,204
2024-06-12,Wed,220
2024-06-13,Thu,258
2024-06-14,Fri,292
2024-06-15,Sat,346
2024-06-16,Sun,298
2024-06-17,Mon,225
2024-06-18,Tue,226
2024-06-19,Wed,237
2024-06-20,Thu,260
2024-06-21,Fri,293
2024-06-22,Sat,336
2024-06-23,Sun,290
2024-06-24,Mon,196
2024-06-25,Tue,216
2024-06-26,Wed,230
2024-06-27,Thu,243
2024-06-28,Fri,280
2024-06-29,Sat,346
2024-06-30,Sun,312
2024-07-01,Mon,203
2024-07-02,Tue,214
2024-07-03,Wed,222
2024-07-04,Thu,253
2024-07-05,Fri,302
2024-07-06,Sat,346
2024-07-07,Sun,308
2024-07-08,Mon,215
2024-07-09,Tue,216
2024-07-10,Wed,227
2024-07-11,Thu,265
2024-07-12,Fri,283
2024-07-13,Sat,344
2024-07-14,Sun,312
2024-07-15,Mon,224
2024-07-16,Tue,240
2024-07-17,Wed,236
2024-07-18,Thu,253
2024-07-19,Fri,292
2024-07-20,Sat,343
2024-07-21,Sun,304
2024-07-22,Mon,232
2024-07-23,Tue,232
2024-07-24,Wed,232
2024-07-25,Thu,252
2024-07-26,Fri,317
2024-07-27,Sat,351
2024-07-28,Sun,303
2024-07-29,Mon,232
2024-07-30,Tue,251
2024-07-31,Wed,239
2024-08-01,Thu,252
2024-08-02,Fri,288
2024-08-03,Sat,342
2024-08-04,Sun,314
2024-08-05,Mon,242
2024-08-06,Tue,240
2024-08-07,Wed,245
2024-08-08,Thu,239
2024-08-09,Fri,292
2024-08-10,Sat,349
2024-08-11,Sun,289
2024-08-12,Mon,226
2024-08-13,Tue,245
2024-08-14,Wed,236
2024-08-15,Thu,252
2024-08-16,Fri,319
2024-08-17,Sat,373
2024-08-18,Sun,337
2024-08-19,Mon,250
2024-08-20,Tue,249
2024-08-21,Wed,250
2024-08-22,Thu,270
2024-08-23,Fri,320
2024-08-24,Sat,374
2024-08-25,Sun,329
2024-08-26,Mon,241
2024-08-27,Tue,255
2024-08-28,Wed,248
2024-08-29,Thu,287
2024-08-30,Fri,319
2024-08-31,Sat,369
2024-09-01,Sun,351
2024-09-02,Mon,223
2024-09-03,Tue,223
2024-09-04,Wed,264
2024-09-05,Thu,264
2024-09-06,Fri,305
2024-09-07,Sat,387
2024-09-08,Sun,348
2024-09-09,Mon,270
2024-09-10,Tue,257
2024-09-11,Wed,253
2024-09-12,Thu,282
2024-09-13,Fri,313
2024-09-14,Sat,381
2024-09-15,Sun,353
2024-09-16,Mon,263
2024-09-17,Tue,235
2024-09-18,Wed,276
2024-09-19,Thu,281
2024-09-20,Fri,327
2024-09-21,Sat,381
2024-09-22,Sun,334
2024-09-23,Mon,247
2024-09-24,Tue,265
2024-09-25,Wed,266
2024-09-26,Thu,279
2024-09-27,Fri,335
2024-09-28,Sat,388
2024-09-29,Sun,329
2024-09-30,Mon,261
2024-10-01,Tue,249
2024-10-02,Wed,273
2024-10-03,Thu,299
2024-10-04,Fri,320
2024-10-05,Sat,396
2024-10-06,Sun,340
2024-10-07,Mon,258
2024-10-08,Tue,257
2024-10-09,Wed,255
2024-10-10,Thu,288
2024-10-11,Fri,344
2024-10-12,Sat,393
2024-10-13,Sun,361
2024-10-14,Mon,254
2024-10-15,Tue,248
2024-10-16,Wed,293
2024-10-17,Thu,299
2024-10-18,Fri,339
2024-10-19,Sat,404
2024-10-20,Sun,343
2024-10-21,Mon,275
2024-10-22,Tue,264
2024-10-23,Wed,301
2024-10-24,Thu,289
2024-10-25,Fri,337
2024-10-26,Sat,415
2024-10-27,Sun,364
2024-10-28,Mon,272
2024-10-29,Tue,274
2024-10-30,Wed,286
2024-10-31,Thu,294
2024-11-01,Fri,361
2024-11-02,Sat,422
2024-11-03,Sun,368
2024-11-04,Mon,272
2024-11-05,Tue,267
2024-11-06,Wed,283
2024-11-07,Thu,306
2024-11-08,Fri,351
2024-11-09,Sat,444
2024-11-10,Sun,374
2024-11-11,Mon,277
2024-11-12,Tue,269
2024-11-13,Wed,303
2024-11-14,Thu,303
2024-11-15,Fri,373
2024-11-16,Sat,409
2024-11-17,Sun,393
2024-11-18,Mon,273
2024-11-19,Tue,280
2024-11-20,Wed,280
2024-11-21,Thu,315
2024-11-22,Fri,367
2024-11-23,Sat,417
2024-11-24,Sun,383
2024-11-25,Mon,269
2024-11-26,Tue,287
2024-11-27,Wed,297
2024-11-28,Thu,297
2024-11-29,Fri,336
2024-11-30,Sat,432
2024-12-01,Sun,393
2024-12-02,Mon,269
2024-12-03,Tue,290
2024-12-04,Wed,309
2024-12-05,Thu,314
2024-12-06,Fri,357
2024-12-07,Sat,449
2024-12-08,Sun,410
2024-12-09,Mon,294
2024-12-10,Tue,317
2024-12-11,Wed,301
2024-12-12,Thu,361
2024-12-13,Fri,389
2024-12-14,Sat,465
2024-12-15,Sun,434
2024-12-16,Mon,301
2024-12-17,Tue,308
2024-12-18,Wed,323
2024-12-19,Thu,320
2024-12-20,Fri,409
2024-12-21,Sat,489
2024-12-22,Sun,430
2024-12-23,Mon,306
2024-12-24,Tue,344
2024-12-25,Wed,340
2024-12-26,Thu,356
2024-12-27,Fri,424
2024-12-28,Sat,503
2024-12-29,Sun,444
2024-12-30,Mon,339
2024-12-31,Tue,347
