date,store,sales
2024-01-01,A,291
2024-01-01,B,180
2024-01-01,C,256
2024-01-02,A,288
2024-01-02,B,190
2024-01-02,C,248
2024-01-03,A,287
2024-01-03,B,191
2024-01-03,C,269
2024-01-04,A,295
2024-01-04,B,185
2024-01-04,C,268
2024-01-05,A,332
2024-01-05,B,197
2024-01-05,C,295
2024-01-06,A,432
2024-01-06,B,209
2024-01-06,C,330
2024-01-07,A,371
2024-01-07,B,186
2024-01-08,A,267
2024-01-08,B,196
2024-01-08,C,245
2024-01-09,A,281
2024-01-09,B,195
2024-01-09,C,237
2024-01-10,A,293
2024-01-10,B,197
2024-01-10,C,247
2024-01-11,A,282
2024-01-11,B,204
2024-01-11,C,267
2024-01-12,A,365
2024-01-12,B,198
2024-01-12,C,283
2024-01-13,A,407
2024-01-13,B,205
2024-01-13,C,324
2024-01-14,A,402
2024-01-14,B,198
2024-01-15,A,284
2024-01-15,B,195
2024-01-15,C,239
2024-01-16,A,277
2024-01-16,B,175
2024-01-16,C,244
2024-01-17,A,308
2024-01-17,B,193
2024-01-17,C,271
2024-01-18,A,308
2024-01-18,B,206
2024-01-18,C,258
2024-01-19,A,361
2024-01-19,B,202
2024-01-19,C,280
2024-01-20,A,431
2024-01-20,B,214
2024-01-20,C,320
2024-01-21,A,391
2024-01-21,B,171
2024-01-22,A,288
2024-01-22,B,190
2024-01-22,C,267
2024-01-23,A,271
2024-01-23,B,170
2024-01-23,C,233
2024-01-24,A,284
2024-01-24,B,198
2024-01-24,C,272
2024-01-25,A,311
2024-01-25,B,180
2024-01-25,C,240
2024-01-26,A,349
2024-01-26,B,210
2024-01-26,C,298
2024-01-27,A,400
2024-01-27,B,196
2024-01-27,C,331
2024-01-28,A,401
2024-01-28,B,184
2024-01-29,A,248
2024-01-29,B,187
2024-01-29,C,218
2024-01-30,A,255
2024-01-30,B,187
2024-01-30,C,236
2024-01-31,A,274
2024-01-31,B,176
2024-01-31,C,270
2024-02-01,A,312
2024-02-01,B,197
2024-02-01,C,262
2024-02-02,A,371
2024-02-02,B,191
2024-02-02,C,293
2024-02-03,A,423
2024-02-03,B,223
2024-02-03,C,315
2024-02-04,A,370
2024-02-04,B,180
2024-02-05,A,275
2024-02-05,B,186
2024-02-05,C,242
2024-02-06,A,274
2024-02-06,B,182
2024-02-06,C,237
2024-02-07,A,289
2024-02-07,B,205
2024-02-07,C,260
2024-02-08,A,290
2024-02-08,B,202
2024-02-08,C,278
2024-02-09,A,353
2024-02-09,B,200
2024-02-09,C,269
2024-02-10,A,427
2024-02-10,B,209
2024-02-10,C,302
2024-02-11,A,343
2024-02-11,B,173
2024-02-12,A,269
2024-02-12,B,174
2024-02-12,C,228
2024-02-13,A,279
2024-02-13,B,196
2024-02-13,C,243
2024-02-14,A,293
2024-02-14,B,180
2024-02-14,C,253
2024-02-15,A,292
2024-02-15,B,185
2024-02-15,C,258
2024-02-16,A,329
2024-02-16,B,179
2024-02-16,C,280
2024-02-17,A,408
2024-02-17,B,195
2024-02-17,C,297
2024-02-18,A,376
2024-02-18,B,183
2024-02-19,A,259
2024-02-19,B,180
2024-02-19,C,224
2024-02-20,A,266
2024-02-20,B,169
2024-02-20,C,238
2024-02-21,A,298
2024-02-21,B,193
2024-02-21,C,251
2024-02-22,A,290
2024-02-22,B,187
2024-02-22,C,251
2024-02-23,A,332
2024-02-23,B,168
2024-02-23,C,288
2024-02-24,A,416
2024-02-24,B,186
2024-02-24,C,308
2024-02-25,A,369
2024-02-25,B,174
2024-02-26,A,279
2024-02-26,B,174
2024-02-26,C,261
2024-02-27,A,262
2024-02-27,B,182
2024-02-27,C,245
2024-02-28,A,263
2024-02-28,B,194
2024-02-28,C,228
2024-02-29,A,295
2024-02-29,B,183
2024-02-29,C,236
2024-03-01,A,348
2024-03-01,B,188
2024-03-01,C,271
2024-03-02,A,396
2024-03-02,B,207
2024-03-02,C,311
2024-03-03,A,358
2024-03-03,B,190
2024-03-04,A,268
2024-03-04,B,175
2024-03-04,C,236
2024-03-05,A,273
2024-03-05,B,194
2024-03-05,C,230
2024-03-06,A,281
2024-03-06,B,167
2024-03-06,C,239
2024-03-07,A,291
2024-03-07,B,196
2024-03-07,C,243
2024-03-08,A,328
2024-03-08,B,192
2024-03-08,C,289
2024-03-09,A,399
2024-03-09,B,185
2024-03-09,C,310
2024-03-10,A,375
2024-03-10,B,170
2024-03-11,A,249
2024-03-11,B,177
2024-03-11,C,226
2024-03-12,A,283
2024-03-12,B,189
2024-03-12,C,248
2024-03-13,A,261
2024-03-13,B,189
2024-03-13,C,240
2024-03-14,A,327
2024-03-14,B,183
2024-03-14,C,266
2024-03-15,A,313
2024-03-15,B,182
2024-03-15,C,269
2024-03-16,A,426
2024-03-16,B,192
2024-03-16,C,300
2024-03-17,A,347
2024-03-17,B,162
2024-03-18,A,259
2024-03-18,B,170
2024-03-18,C,223
2024-03-19,A,265
2024-03-19,B,168
2024-03-19,C,228
2024-03-20,A,267
2024-03-20,B,176
2024-03-20,C,242
2024-03-21,A,316
2024-03-21,B,183
2024-03-21,C,253
2024-03-22,A,333
2024-03-22,B,181
2024-03-22,C,261
2024-03-23,A,387
2024-03-23,B,173
2024-03-23,C,300
2024-03-24,A,362
2024-03-24,B,180
2024-03-25,A,267
2024-03-25,B,172
2024-03-25,C,224
2024-03-26,A,250
2024-03-26,B,178
2024-03-26,C,233
2024-03-27,A,279
2024-03-27,B,171
2024-03-27,C,233
2024-03-28,A,288
2024-03-28,B,174
2024-03-28,C,231
2024-03-29,A,339
2024-03-29,B,179
2024-03-29,C,267
2024-03-30,A,408
2024-03-30,B,200
2024-03-30,C,301
2024-03-31,A,352
2024-03-31,B,158
2024-04-01,A,251
2024-04-01,B,178
2024-04-01,C,226
2024-04-02,A,273
2024-04-02,B,171
2024-04-02,C,243
2024-04-03,A,274
2024-04-03,B,182
2024-04-03,C,229
2024-04-04,A,267
2024-04-04,B,169
2024-04-04,C,242
2024-04-05,A,319
2024-04-05,B,165
2024-04-05,C,243
2024-04-06,A,391
2024-04-06,B,193
2024-04-06,C,288
2024-04-07,A,346
2024-04-07,B,164
2024-04-08,A,281
2024-04-08,B,173
2024-04-08,C,240
2024-04-09,A,255
2024-04-09,B,177
2024-04-09,C,236
2024-04-10,A,274
2024-04-10,B,158
2024-04-10,C,241
2024-04-11,A,302
2024-04-11,B,169
2024-04-11,C,224
2024-04-12,A,329
2024-04-12,B,176
2024-04-12,C,253
2024-04-13,A,399
2024-04-13,B,188
2024-04-13,C,287
2024-04-14,A,362
2024-04-14,B,171
2024-04-15,A,254
2024-04-15,B,174
2024-04-15,C,212
2024-04-16,A,260
2024-04-16,B,167
2024-04-16,C,228
2024-04-17,A,274
2024-04-17,B,184
2024-04-17,C,226
2024-04-18,A,285
2024-04-18,B,172
2024-04-18,C,222
2024-04-19,A,313
2024-04-19,B,176
2024-04-19,C,273
2024-04-20,A,377
2024-04-20,B,178
2024-04-20,C,287
2024-04-21,A,342
2024-04-21,B,154
2024-04-22,A,267
2024-04-22,B,166
2024-04-22,C,202
2024-04-23,A,253
2024-04-23,B,170
2024-04-23,C,227
2024-04-24,A,278
2024-04-24,B,173
2024-04-24,C,222
2024-04-25,A,283
2024-04-25,B,190
2024-04-25,C,225
2024-04-26,A,315
2024-04-26,B,178
2024-04-26,C,245
2024-04-27,A,356
2024-04-27,B,184
2024-04-27,C,293
2024-04-28,A,344
2024-04-28,B,152
2024-04-29,A,245
2024-04-29,B,163
2024-04-29,C,202
2024-04-30,A,235
2024-04-30,B,167
2024-04-30,C,224
2024-05-01,A,269
2024-05-01,B,174
2024-05-01,C,226
2024-05-01,D,106
2024-05-02,A,276
2024-05-02,B,168
2024-05-02,C,232
2024-05-02,D,120
2024-05-03,A,321
2024-05-03,B,177
2024-05-03,C,246
2024-05-03,D,133
2024-05-04,A,378
2024-05-04,B,170
2024-05-04,C,282
2024-05-04,D,150
2024-05-05,A,342
2024-05-05,B,172
2024-05-05,D,142
2024-05-06,A,241
2024-05-06,B,173
2024-05-06,C,204
2024-05-06,D,95
2024-05-07,A,265
2024-05-07,B,155
2024-05-07,C,213
2024-05-07,D,112
2024-05-08,A,263
2024-05-08,B,155
2024-05-08,C,216
2024-05-08,D,105
2024-05-09,A,258
2024-05-09,B,162
2024-05-09,C,230
2024-05-09,D,111
2024-05-10,A,318
2024-05-10,B,175
2024-05-10,C,247
2024-05-10,D,139
2024-05-11,A,384
2024-05-11,B,170
2024-05-11,C,269
2024-05-11,D,158
2024-05-12,A,335
2024-05-12,B,162
2024-05-12,D,144
2024-05-13,A,230
2024-05-13,B,169
2024-05-13,C,227
2024-05-13,D,117
2024-05-14,A,264
2024-05-14,B,173
2024-05-14,C,203
2024-05-14,D,89
2024-05-15,A,251
2024-05-15,B,177
2024-05-15,C,221
2024-05-15,D,118
2024-05-16,A,293
2024-05-16,B,154
2024-05-16,C,210
2024-05-16,D,109
2024-05-17,A,306
2024-05-17,B,154
2024-05-17,C,233
2024-05-17,D,136
2024-05-18,A,382
2024-05-18,B,181
2024-05-18,C,277
2024-05-18,D,173
2024-05-19,A,336
2024-05-19,B,153
2024-05-19,D,135
2024-05-20,A,247
2024-05-20,B,155
2024-05-20,C,224
2024-05-20,D,90
2024-05-21,A,282
2024-05-21,B,153
2024-05-21,C,208
2024-05-21,D,112
2024-05-22,A,253
2024-05-22,B,161
2024-05-22,C,210
2024-05-22,D,112
2024-05-23,A,298
2024-05-23,B,171
2024-05-23,C,230
2024-05-23,D,131
2024-05-24,A,320
2024-05-24,B,158
2024-05-24,C,258
2024-05-24,D,149
2024-05-25,A,373
2024-05-25,B,164
2024-05-25,C,265
2024-05-25,D,154
2024-05-26,A,350
2024-05-26,B,168
2024-05-26,D,127
2024-05-27,A,254
2024-05-27,B,166
2024-05-27,C,222
2024-05-27,D,100
2024-05-28,A,261
2024-05-28,B,147
2024-05-28,C,203
2024-05-28,D,99
2024-05-29,A,242
2024-05-29,B,149
2024-05-29,C,226
2024-05-29,D,103
2024-05-30,A,279
2024-05-30,B,169
2024-05-30,C,215
2024-05-30,D,117
2024-05-31,A,307
2024-05-31,B,178
2024-05-31,C,248
2024-05-31,D,136
2024-06-01,A,378
2024-06-01,B,193
2024-06-01,C,258
2024-06-01,D,148
2024-06-02,A,333
2024-06-02,B,164
2024-06-02,D,138
2024-06-03,A,244
2024-06-03,B,166
2024-06-03,C,196
2024-06-03,D,133
2024-06-04,A,269
2024-06-04,B,159
2024-06-04,C,198
2024-06-04,D,98
2024-06-05,A,263
2024-06-05,B,165
2024-06-05,C,212
2024-06-05,D,121
2024-06-06,A,250
2024-06-06,B,161
2024-06-06,C,234
2024-06-06,D,124
2024-06-07,A,327
2024-06-07,B,180
2024-06-07,C,246
2024-06-07,D,133
2024-06-08,A,381
2024-06-08,B,178
2024-06-08,C,271
2024-06-08,D,164
2024-06-09,A,336
2024-06-09,B,167
2024-06-09,D,139
2024-06-10,A,222
2024-06-10,B,162
2024-06-10,C,200
2024-06-10,D,104
2024-06-11,A,254
2024-06-11,B,153
2024-06-11,C,221
2024-06-11,D,116
2024-06-12,A,252
2024-06-12,B,164
2024-06-12,C,203
2024-06-12,D,117
2024-06-13,A,284
2024-06-13,B,174
2024-06-13,C,241
2024-06-13,D,129
2024-06-14,A,317
2024-06-14,B,173
2024-06-14,C,247
2024-06-14,D,128
2024-06-15,A,390
2024-06-15,B,159
2024-06-15,C,273
2024-06-15,D,153
2024-06-16,A,330
2024-06-16,B,167
2024-06-16,D,157
2024-06-17,A,222
2024-06-17,B,155
2024-06-17,C,206
2024-06-17,D,113
2024-06-18,A,261
2024-06-18,B,173
2024-06-18,C,210
2024-06-18,D,121
2024-06-19,A,263
2024-06-19,B,162
2024-06-19,C,224
2024-06-19,D,115
2024-06-20,A,269
2024-06-20,B,157
2024-06-20,C,210
2024-06-20,D,127
2024-06-21,A,306
2024-06-21,B,177
2024-06-21,C,259
2024-06-21,D,140
2024-06-22,A,370
2024-06-22,B,164
2024-06-22,C,269
2024-06-22,D,159
2024-06-23,A,314
2024-06-23,B,169
2024-06-23,D,152
2024-06-24,A,230
2024-06-24,B,155
2024-06-24,C,200
2024-06-24,D,126
2024-06-25,A,249
2024-06-25,B,167
2024-06-25,C,235
2024-06-25,D,121
2024-06-26,A,278
2024-06-26,B,152
2024-06-26,C,211
2024-06-26,D,131
2024-06-27,A,279
2024-06-27,B,165
2024-06-27,C,222
2024-06-27,D,135
2024-06-28,A,333
2024-06-28,B,165
2024-06-28,C,253
2024-06-28,D,141
2024-06-29,A,370
2024-06-29,B,189
2024-06-29,C,295
2024-06-29,D,170
2024-06-30,A,352
2024-06-30,B,152
2024-06-30,D,141
2024-07-01,A,240
2024-07-01,B,159
2024-07-01,C,201
2024-07-01,D,119
2024-07-02,A,269
2024-07-02,B,155
2024-07-02,C,208
2024-07-02,D,121
2024-07-03,A,275
2024-07-03,B,165
2024-07-03,C,218
2024-07-03,D,136
2024-07-04,A,275
2024-07-04,B,167
2024-07-04,C,228
2024-07-04,D,123
2024-07-05,A,316
2024-07-05,B,181
2024-07-05,C,244
2024-07-05,D,135
2024-07-06,A,398
2024-07-06,B,182
2024-07-06,C,261
2024-07-06,D,177
2024-07-07,A,328
2024-07-07,B,146
2024-07-07,D,138
2024-07-08,A,221
2024-07-08,B,178
2024-07-08,C,209
2024-07-08,D,121
2024-07-09,A,262
2024-07-09,B,164
2024-07-09,C,206
2024-07-09,D,130
2024-07-10,A,287
2024-07-10,B,176
2024-07-10,C,227
2024-07-10,D,115
2024-07-11,A,253
2024-07-11,B,163
2024-07-11,C,235
2024-07-11,D,138
2024-07-12,A,319
2024-07-12,B,178
2024-07-12,C,221
2024-07-12,D,150
2024-07-13,A,371
2024-07-13,B,176
2024-07-13,C,279
2024-07-13,D,185
2024-07-14,A,336
2024-07-14,B,157
2024-07-14,D,149
2024-07-15,A,236
2024-07-15,B,161
2024-07-15,C,223
2024-07-15,D,118
2024-07-16,A,264
2024-07-16,B,156
2024-07-16,C,220
2024-07-16,D,119
2024-07-17,A,256
2024-07-17,B,171
2024-07-17,C,235
2024-07-17,D,123
2024-07-18,A,275
2024-07-18,B,171
2024-07-18,C,235
2024-07-18,D,145
2024-07-19,A,305
2024-07-19,B,179
2024-07-19,C,236
2024-07-19,D,158
2024-07-20,A,397
2024-07-20,B,189
2024-07-20,C,269
2024-07-20,D,195
2024-07-21,A,336
2024-07-21,B,170
2024-07-21,D,170
2024-07-22,A,245
2024-07-22,B,167
2024-07-22,C,214
2024-07-22,D,115
2024-07-23,A,255
2024-07-23,B,174
2024-07-23,C,209
2024-07-23,D,129
2024-07-24,A,247
2024-07-24,B,170
2024-07-24,C,211
2024-07-24,D,138
2024-07-25,A,279
2024-07-25,B,177
2024-07-25,C,229
2024-07-25,D,151
2024-07-26,A,301
2024-07-26,B,173
2024-07-26,C,261
2024-07-26,D,153
2024-07-27,A,388
2024-07-27,B,163
2024-07-27,C,276
2024-07-27,D,171
2024-07-28,A,342
2024-07-28,B,156
2024-07-28,D,159
2024-07-29,A,247
2024-07-29,B,156
2024-07-29,C,202
2024-07-29,D,121
2024-07-30,A,255
2024-07-30,B,162
2024-07-30,C,212
2024-07-30,D,133
2024-07-31,A,259
2024-07-31,B,169
2024-07-31,C,221
2024-07-31,D,144
2024-08-01,A,288
2024-08-01,B,171
2024-08-01,C,228
2024-08-01,D,154
2024-08-02,A,323
2024-08-02,B,180
2024-08-02,C,255
2024-08-02,D,160
2024-08-03,A,389
2024-08-03,B,171
2024-08-03,C,279
2024-08-03,D,191
2024-08-04,A,345
2024-08-04,B,160
2024-08-04,D,172
2024-08-05,A,246
2024-08-05,B,172
2024-08-05,C,221
2024-08-05,D,128
2024-08-06,A,258
2024-08-06,B,173
2024-08-06,C,247
2024-08-06,D,141
2024-08-07,A,265
2024-08-07,B,182
2024-08-07,C,214
2024-08-07,D,155
2024-08-08,A,263
2024-08-08,B,169
2024-08-08,C,214
2024-08-08,D,140
2024-08-09,A,346
2024-08-09,B,197
2024-08-09,C,263
2024-08-09,D,173
2024-08-10,A,392
2024-08-10,B,176
2024-08-10,C,296
2024-08-10,D,200
2024-08-11,A,343
2024-08-11,B,152
2024-08-11,D,180
2024-08-12,A,260
2024-08-12,B,164
2024-08-12,C,233
2024-08-12,D,145
2024-08-13,A,237
2024-08-13,B,157
2024-08-13,C,236
2024-08-13,D,167
2024-08-14,A,267
2024-08-14,B,178
2024-08-14,C,234
2024-08-14,D,142
2024-08-15,A,291
2024-08-15,B,172
2024-08-15,C,254
2024-08-15,D,153
2024-08-16,A,326
2024-08-16,B,165
2024-08-16,C,233
2024-08-16,D,158
2024-08-17,A,402
2024-08-17,B,185
2024-08-17,C,292
2024-08-17,D,198
2024-08-18,A,349
2024-08-18,B,175
2024-08-18,D,182
2024-08-19,A,254
2024-08-19,B,163
2024-08-19,C,207
2024-08-19,D,134
2024-08-20,A,264
2024-08-20,B,167
2024-08-20,C,216
2024-08-20,D,135
2024-08-21,A,276
2024-08-21,B,167
2024-08-21,C,222
2024-08-21,D,141
2024-08-22,A,277
2024-08-22,B,169
2024-08-22,C,230
2024-08-22,D,143
2024-08-23,A,336
2024-08-23,B,167
2024-08-23,C,276
2024-08-23,D,191
2024-08-24,A,409
2024-08-24,B,183
2024-08-24,C,287
2024-08-24,D,206
2024-08-25,A,350
2024-08-25,B,158
2024-08-25,D,171
2024-08-26,A,254
2024-08-26,B,171
2024-08-26,C,210
2024-08-26,D,141
2024-08-27,A,269
2024-08-27,B,182
2024-08-27,C,218
2024-08-27,D,148
2024-08-28,A,291
2024-08-28,B,182
2024-08-28,C,210
2024-08-28,D,148
2024-08-29,A,306
2024-08-29,B,178
2024-08-29,C,253
2024-08-29,D,156
2024-08-30,A,326
2024-08-30,B,191
2024-08-30,C,248
2024-08-30,D,178
2024-08-31,A,404
2024-08-31,B,192
2024-08-31,C,304
2024-08-31,D,200
2024-09-01,A,355
2024-09-01,B,164
2024-09-01,D,185
2024-09-02,A,269
2024-09-02,B,175
2024-09-02,C,209
2024-09-02,D,138
2024-09-03,A,269
2024-09-03,B,179
2024-09-03,C,215
2024-09-03,D,140
2024-09-04,A,284
2024-09-04,B,175
2024-09-04,C,234
2024-09-04,D,158
2024-09-05,A,311
2024-09-05,B,182
2024-09-05,C,242
2024-09-05,D,155
2024-09-06,A,342
2024-09-06,B,175
2024-09-06,C,245
2024-09-06,D,175
2024-09-07,A,419
2024-09-07,B,192
2024-09-07,C,272
2024-09-07,D,213
2024-09-08,A,370
2024-09-08,B,176
2024-09-08,D,197
2024-09-09,A,257
2024-09-09,B,174
2024-09-09,C,222
2024-09-09,D,146
2024-09-10,A,271
2024-09-10,B,172
2024-09-10,C,229
2024-09-10,D,157
2024-09-11,A,280
2024-09-11,B,181
2024-09-11,C,211
2024-09-11,D,146
2024-09-12,A,293
2024-09-12,B,171
2024-09-12,C,251
2024-09-12,D,158
2024-09-13,A,361
2024-09-13,B,180
2024-09-13,C,259
2024-09-13,D,197
2024-09-14,A,425
2024-09-14,B,195
2024-09-14,C,294
2024-09-14,D,219
2024-09-15,A,337
2024-09-15,B,181
2024-09-15,D,191
2024-09-16,A,259
2024-09-16,B,182
2024-09-16,C,212
2024-09-16,D,143
2024-09-17,A,275
2024-09-17,B,176
2024-09-17,C,236
2024-09-17,D,153
2024-09-18,A,286
2024-09-18,B,185
2024-09-18,C,251
2024-09-18,D,164
2024-09-19,A,292
2024-09-19,B,175
2024-09-19,C,243
2024-09-19,D,169
2024-09-20,A,343
2024-09-20,B,189
2024-09-20,C,254
2024-09-20,D,192
2024-09-21,A,418
2024-09-21,B,187
2024-09-21,C,288
2024-09-21,D,221
2024-09-22,A,367
2024-09-22,B,164
2024-09-22,D,191
2024-09-23,A,280
2024-09-23,B,179
2024-09-23,C,225
2024-09-23,D,177
2024-09-24,A,278
2024-09-24,B,176
2024-09-24,C,239
2024-09-24,D,158
2024-09-25,A,282
2024-09-25,B,181
2024-09-25,C,227
2024-09-25,D,165
2024-09-26,A,302
2024-09-26,B,175
2024-09-26,C,238
2024-09-26,D,178
2024-09-27,A,350
2024-09-27,B,202
2024-09-27,C,268
2024-09-27,D,192
2024-09-28,A,414
2024-09-28,B,198
2024-09-28,C,296
2024-09-28,D,248
2024-09-29,A,370
2024-09-29,B,169
2024-09-29,D,206
2024-09-30,A,282
2024-09-30,B,184
2024-09-30,C,216
2024-09-30,D,167
2024-10-01,A,294
2024-10-01,B,181
2024-10-01,C,225
2024-10-01,D,166
2024-10-02,A,264
2024-10-02,B,178
2024-10-02,C,237
2024-10-02,D,183
2024-10-03,A,338
2024-10-03,B,177
2024-10-03,C,254
2024-10-03,D,192
2024-10-04,A,347
2024-10-04,B,199
2024-10-04,C,265
2024-10-04,D,198
2024-10-05,A,442
2024-10-05,B,193
2024-10-05,C,312
2024-10-05,D,225
2024-10-06,A,365
2024-10-06,B,181
2024-10-06,D,212
2024-10-07,A,286
2024-10-07,B,174
2024-10-07,C,230
2024-10-07,D,148
2024-10-08,A,285
2024-10-08,B,186
2024-10-08,C,236
2024-10-08,D,168
2024-10-09,A,294
2024-10-09,B,190
2024-10-09,C,241
2024-10-09,D,182
2024-10-10,A,308
2024-10-10,B,190
2024-10-10,C,241
2024-10-10,D,185
2024-10-11,A,355
2024-10-11,B,195
2024-10-11,C,262
2024-10-11,D,195
2024-10-12,A,445
2024-10-12,B,207
2024-10-12,C,314
2024-10-12,D,257
2024-10-13,A,376
2024-10-13,B,186
2024-10-13,D,219
2024-10-14,A,278
2024-10-14,B,176
2024-10-14,C,239
2024-10-14,D,159
2024-10-15,A,283
2024-10-15,B,198
2024-10-15,C,227
2024-10-15,D,158
2024-10-16,A,278
2024-10-16,B,183
2024-10-16,C,243
2024-10-16,D,168
2024-10-17,A,316
2024-10-17,B,182
2024-10-17,C,254
2024-10-17,D,196
2024-10-18,A,361
2024-10-18,B,194
2024-10-18,C,284
2024-10-18,D,204
2024-10-19,A,435
2024-10-19,B,207
2024-10-19,C,306
2024-10-19,D,250
2024-10-20,A,372
2024-10-20,B,185
2024-10-20,D,217
2024-10-21,A,279
2024-10-21,B,173
2024-10-21,C,218
2024-10-21,D,175
2024-10-22,A,288
2024-10-22,B,181
2024-10-22,C,228
2024-10-22,D,170
2024-10-23,A,300
2024-10-23,B,197
2024-10-23,C,251
2024-10-23,D,194
2024-10-24,A,318
2024-10-24,B,191
2024-10-24,C,237
2024-10-24,D,188
2024-10-25,A,350
2024-10-25,B,197
2024-10-25,C,281
2024-10-25,D,210
2024-10-26,A,456
2024-10-26,B,187
2024-10-26,C,304
2024-10-26,D,253
2024-10-27,A,401
2024-10-27,B,182
2024-10-27,D,228
2024-10-28,A,295
2024-10-28,B,187
2024-10-28,C,225
2024-10-28,D,173
2024-10-29,A,298
2024-10-29,B,177
2024-10-29,C,241
2024-10-29,D,174
2024-10-30,A,319
2024-10-30,B,174
2024-10-30,C,235
2024-10-30,D,184
2024-10-31,A,329
2024-10-31,B,192
2024-10-31,C,251
2024-10-31,D,214
2024-11-01,A,381
2024-11-01,B,203
2024-11-01,C,278
2024-11-01,D,199
2024-11-02,A,451
2024-11-02,B,190
2024-11-02,C,283
2024-11-02,D,259
2024-11-03,A,396
2024-11-03,B,180
2024-11-03,D,228
2024-11-04,A,295
2024-11-04,B,197
2024-11-04,C,223
2024-11-04,D,169
2024-11-05,A,286
2024-11-05,B,202
2024-11-05,C,221
2024-11-05,D,172
2024-11-06,A,302
2024-11-06,B,192
2024-11-06,C,249
2024-11-06,D,183
2024-11-07,A,325
2024-11-07,B,171
2024-11-07,C,249
2024-11-07,D,188
2024-11-08,A,362
2024-11-08,B,199
2024-11-08,C,267
2024-11-08,D,217
2024-11-09,A,421
2024-11-09,B,211
2024-11-09,C,309
2024-11-09,D,262
2024-11-10,A,390
2024-11-10,B,207
2024-11-10,D,232
2024-11-11,A,281
2024-11-11,B,195
2024-11-11,C,213
2024-11-11,D,167
2024-11-12,A,307
2024-11-12,B,195
2024-11-12,C,229
2024-11-12,D,174
2024-11-13,A,284
2024-11-13,B,190
2024-11-13,C,242
2024-11-13,D,206
2024-11-14,A,315
2024-11-14,B,180
2024-11-14,C,267
2024-11-14,D,192
2024-11-15,A,391
2024-11-15,B,191
2024-11-15,C,274
2024-11-15,D,217
2024-11-16,A,425
2024-11-16,B,197
2024-11-16,C,321
2024-11-16,D,276
2024-11-17,A,396
2024-11-17,B,180
2024-11-17,D,228
2024-11-18,A,284
2024-11-18,B,194
2024-11-18,C,222
2024-11-18,D,183
2024-11-19,A,278
2024-11-19,B,190
2024-11-19,C,245
2024-11-19,D,197
2024-11-20,A,309
2024-11-20,B,175
2024-11-20,C,242
2024-11-20,D,206
2024-11-21,A,315
2024-11-21,B,190
2024-11-21,C,266
2024-11-21,D,210
2024-11-22,A,341
2024-11-22,B,210
2024-11-22,C,285
2024-11-22,D,222
2024-11-23,A,448
2024-11-23,B,212
2024-11-23,C,299
2024-11-23,D,251
2024-11-24,A,385
2024-11-24,B,199
2024-11-24,D,233
2024-11-25,A,305
2024-11-25,B,178
2024-11-25,C,244
2024-11-25,D,189
2024-11-26,A,300
2024-11-26,B,193
2024-11-26,C,244
2024-11-26,D,188
2024-11-27,A,297
2024-11-27,B,191
2024-11-27,C,252
2024-11-27,D,195
2024-11-28,A,330
2024-11-28,B,184
2024-11-28,C,241
2024-11-28,D,213
2024-11-29,A,398
2024-11-29,B,194
2024-11-29,C,281
2024-11-29,D,225
2024-11-30,A,442
2024-11-30,B,190
2024-11-30,C,295
2024-11-30,D,261
2024-12-01,A,391
2024-12-01,B,172
2024-12-01,D,239
2024-12-02,A,292
2024-12-02,B,190
2024-12-02,C,241
2024-12-02,D,190
2024-12-03,A,301
2024-12-03,B,189
2024-12-03,C,233
2024-12-03,D,199
2024-12-04,A,313
2024-12-04,B,190
2024-12-04,C,241
2024-12-04,D,199
2024-12-05,A,310
2024-12-05,B,205
2024-12-05,C,286
2024-12-05,D,212
2024-12-06,A,377
2024-12-06,B,197
2024-12-06,C,280
2024-12-06,D,225
2024-12-07,A,444
2024-12-07,B,211
2024-12-07,C,311
2024-12-07,D,273
2024-12-08,A,394
2024-12-08,B,177
2024-12-08,D,240
2024-12-09,A,305
2024-12-09,B,178
2024-12-09,C,242
2024-12-09,D,185
2024-12-10,A,292
2024-12-10,B,186
2024-12-10,C,242
2024-12-10,D,194
2024-12-11,A,319
2024-12-11,B,189
2024-12-11,C,251
2024-12-11,D,215
2024-12-12,A,325
2024-12-12,B,192
2024-12-12,C,265
2024-12-12,D,211
2024-12-13,A,379
2024-12-13,B,201
2024-12-13,C,284
2024-12-13,D,236
2024-12-14,A,461
2024-12-14,B,221
2024-12-14,C,336
2024-12-14,D,265
2024-12-15,A,412
2024-12-15,B,178
2024-12-15,D,251
2024-12-16,A,303
2024-12-16,B,177
2024-12-16,C,228
2024-12-16,D,205
2024-12-17,A,293
2024-12-17,B,195
2024-12-17,C,250
2024-12-17,D,200
2024-12-18,A,332
2024-12-18,B,205
2024-12-18,C,239
2024-12-18,D,210
2024-12-19,A,336
2024-12-19,B,210
2024-12-19,C,262
2024-12-19,D,221
2024-12-20,A,389
2024-12-20,B,191
2024-12-20,C,265
2024-12-20,D,249
2024-12-21,A,471
2024-12-21,B,211
2024-12-21,C,311
2024-12-21,D,283
2024-12-22,A,399
2024-12-22,B,170
2024-12-22,D,250
2024-12-23,A,294
2024-12-23,B,188
2024-12-23,C,236
2024-12-23,D,204
2024-12-24,A,303
2024-12-24,B,181
2024-12-24,C,245
2024-12-24,D,198
2024-12-25,A,316
2024-12-25,B,189
2024-12-25,C,267
2024-12-25,D,205
2024-12-26,A,350
2024-12-26,B,181
2024-12-26,C,258
2024-12-26,D,217
2024-12-27,A,399
2024-12-27,B,211
2024-12-27,C,273
2024-12-27,D,244
2024-12-28,A,501
2024-12-28,B,214
2024-12-28,C,308
2024-12-28,D,284
2024-12-29,A,427
2024-12-29,B,190
2024-12-29,D,265
2024-12-30,A,315
2024-12-30,B,180
2024-12-30,C,251
2024-12-30,D,198
2024-12-31,A,301
2024-12-31,B,205
2024-12-31,C,255
2024-12-31,D,198
