date,subscribers
2024-01-01,1000
2024-01-02,1004
2024-01-03,1056
2024-01-04,1033
2024-01-05,1055
2024-01-06,1062
2024-01-07,1068
2024-01-08,1097
2024-01-09,1078
2024-01-10,1084
2024-01-11,1104
2024-01-12,1147
2024-01-13,1154
2024-01-14,1175
2024-01-15,1153
2024-01-16,1154
2024-01-17,1190
2024-01-18,1194
2024-01-19,1209
2024-01-20,1234
2024-01-21,1213
2024-01-22,1219
2024-01-23,1243
2024-01-24,1242
2024-01-25,1257
2024-01-26,1281
2024-01-27,1291
2024-01-28,1308
2024-01-29,1327
2024-01-30,1361
2024-01-31,1390
2024-02-01,1384
2024-02-02,1380
2024-02-03,1406
2024-02-04,1421
2024-02-05,1431
2024-02-06,1426
2024-02-07,1449
2024-02-08,1472
2024-02-09,1452
2024-02-10,1485
2024-02-11,1494
2024-02-12,1495
2024-02-13,1488
2024-02-14,1507
2024-02-15,1526
2024-02-16,1539
2024-02-17,1539
2024-02-18,1544
2024-02-19,1579
2024-02-20,1595
2024-02-21,1613
2024-02-22,1633
2024-02-23,1652
2024-02-24,1682
2024-02-25,1679
2024-02-26,1680
2024-02-27,1675
2024-02-28,1694
2024-02-29,1711
2024-03-01,1711
2024-03-02,1726
2024-03-03,1740
2024-03-04,1805
2024-03-05,1790
2024-03-06,1811
2024-03-07,1816
2024-03-08,1817
2024-03-09,1830
2024-03-10,1841
2024-03-11,1847
2024-03-12,1853
2024-03-13,1859
2024-03-14,1868
2024-03-15,1887
2024-03-16,1898
2024-03-17,1924
2024-03-18,1951
2024-03-19,1951
2024-03-20,1953
2024-03-21,1981
2024-03-22,1984
2024-03-23,1994
2024-03-24,1997
2024-03-25,2010
2024-03-26,2039
2024-03-27,2056
2024-03-28,2043
2024-03-29,2044
2024-03-30,2055
2024-03-31,2068
2024-04-01,2095
2024-04-02,2076
2024-04-03,2117
2024-04-04,2113
2024-04-05,2145
2024-04-06,2138
2024-04-07,2152
2024-04-08,2181
2024-04-09,2192
2024-04-10,2219
2024-04-11,2258
2024-04-12,2245
2024-04-13,2235
2024-04-14,2231
2024-04-15,2229
2024-04-16,2249
2024-04-17,2248
2024-04-18,2237
2024-04-19,2264
2024-04-20,2316
2024-04-21,2333
2024-04-22,2327
2024-04-23,2333
2024-04-24,2366
2024-04-25,2381
2024-04-26,2387
2024-04-27,2417
2024-04-28,2428
2024-04-29,2429
2024-04-30,2441
2024-05-01,2457
2024-05-02,2485
2024-05-03,2473
2024-05-04,2484
2024-05-05,2494
2024-05-06,2480
2024-05-07,2495
2024-05-08,2496
2024-05-09,2526
2024-05-10,2544
2024-05-11,2566
2024-05-12,2584
2024-05-13,2573
2024-05-14,2594
2024-05-15,2618
2024-05-16,2643
2024-05-17,2651
2024-05-18,2652
2024-05-19,2668
2024-05-20,2699
2024-05-21,2706
2024-05-22,2689
2024-05-23,2714
2024-05-24,2727
2024-05-25,2739
2024-05-26,2746
2024-05-27,2760
2024-05-28,2775
2024-05-29,2767
2024-05-30,2799
2024-05-31,2807
2024-06-01,2819
2024-06-02,2827
2024-06-03,2862
2024-06-04,2883
2024-06-05,2906
2024-06-06,2900
2024-06-07,2886
2024-06-08,2898
2024-06-09,2929
2024-06-10,2955
2024-06-11,2946
2024-06-12,2974
2024-06-13,2959
2024-06-14,2973
2024-06-15,2989
2024-06-16,3023
2024-06-17,3001
2024-06-18,2998
2024-06-19,2989
2024-06-20,3007
2024-06-21,3008
2024-06-22,3047
2024-06-23,3054
2024-06-24,3069
2024-06-25,3122
2024-06-26,3136
2024-06-27,3135
2024-06-28,3154
2024-06-29,3172
2024-06-30,3195
2024-07-01,3187
2024-07-02,3201
2024-07-03,3210
2024-07-04,3219
2024-07-05,3225
2024-07-06,3251
2024-07-07,3270
2024-07-08,3254
2024-07-09,3261
2024-07-10,3278
2024-07-11,3307
2024-07-12,3320
2024-07-13,3342
2024-07-14,3345
2024-07-15,3347
2024-07-16,3363
2024-07-17,3394
2024-07-18,3389
2024-07-19,3388
2024-07-20,3384
2024-07-21,3393
2024-07-22,3415
2024-07-23,3417
2024-07-24,3417
2024-07-25,3417
2024-07-26,3407
2024-07-27,3416
2024-07-28,3388
2024-07-29,3416
2024-07-30,3423
2024-07-31,3445
2024-08-01,3453
2024-08-02,3459
2024-08-03,3453
2024-08-04,3477
2024-08-05,3492
2024-08-06,3473
2024-08-07,3483
2024-08-08,3511
2024-08-09,3511
2024-08-10,3497
2024-08-11,3478
2024-08-12,3514
2024-08-13,3499
2024-08-14,3484
2024-08-15,3518
2024-08-16,3535
2024-08-17,3539
2024-08-18,3549
2024-08-19,3549
2024-08-20,3560
2024-08-21,3563
2024-08-22,3568
2024-08-23,3571
2024-08-24,3582
2024-08-25,3573
2024-08-26,3582
2024-08-27,3563
2024-08-28,3571
2024-08-29,3601
2024-08-30,3603
2024-08-31,3600
2024-09-01,3602
2024-09-02,3621
2024-09-03,3613
2024-09-04,3646
2024-09-05,3644
2024-09-06,3650
2024-09-07,3680
2024-09-08,3698
2024-09-09,3676
2024-09-10,3662
2024-09-11,3661
2024-09-12,3669
2024-09-13,3690
2024-09-14,3677
2024-09-15,3682
2024-09-16,3670
2024-09-17,3702
2024-09-18,3720
2024-09-19,3684
2024-09-20,3699
2024-09-21,3704
2024-09-22,3715
2024-09-23,3724
2024-09-24,3728
2024-09-25,3739
2024-09-26,3739
2024-09-27,3761
2024-09-28,3773
2024-09-29,3735
2024-09-30,3761
2024-10-01,3766
2024-10-02,3753
2024-10-03,3758
2024-10-04,3774
2024-10-05,3796
2024-10-06,3813
2024-10-07,3802
2024-10-08,3801
2024-10-09,3821
2024-10-10,3820
2024-10-11,3815
2024-10-12,3789
2024-10-13,3814
2024-10-14,3827
2024-10-15,3827
2024-10-16,3834
2024-10-17,3818
2024-10-18,3839
2024-10-19,3867
2024-10-20,3881
2024-10-21,3864
2024-10-22,3858
2024-10-23,3859
2024-10-24,3863
2024-10-25,3880
2024-10-26,3899
2024-10-27,3888
2024-10-28,3888
2024-10-29,3879
2024-10-30,3927
2024-10-31,3908
2024-11-01,3934
2024-11-02,3937
2024-11-03,3942
2024-11-04,3948
2024-11-05,3936
2024-11-06,3955
2024-11-07,3934
2024-11-08,3940
2024-11-09,3967
2024-11-10,3972
2024-11-11,3955
2024-11-12,3955
2024-11-13,3958
2024-11-14,3996
2024-11-15,3995
2024-11-16,3998
2024-11-17,4010
2024-11-18,4026
2024-11-19,4021
2024-11-20,4024
2024-11-21,4010
2024-11-22,4019
2024-11-23,3999
2024-11-24,4022
2024-11-25,4041
2024-11-26,4031
2024-11-27,4033
2024-11-28,4034
2024-11-29,4025
2024-11-30,4056
2024-12-01,4052
2024-12-02,4043
2024-12-03,4053
2024-12-04,4077
2024-12-05,4075
2024-12-06,4090
2024-12-07,4094
2024-12-08,4099
2024-12-09,4107
2024-12-10,4129
2024-12-11,4145
2024-12-12,4151
2024-12-13,4147
2024-12-14,4138
2024-12-15,4129
2024-12-16,4164
2024-12-17,4175
2024-12-18,4167
2024-12-19,4173
2024-12-20,4177
2024-12-21,4199
2024-12-22,4212
2024-12-23,4170
2024-12-24,4194
2024-12-25,4190
2024-12-26,4195
2024-12-27,4184
2024-12-28,4187
2024-12-29,4192
2024-12-30,4212
2024-12-31,4206
