time_utc,temp_c
2024-03-29T23:00:00Z,16.4
2024-03-30T00:00:00Z,16.9
2024-03-30T01:00:00Z,17.3
2024-03-30T02:00:00Z,18.4
2024-03-30T03:00:00Z,18.3
2024-03-30T04:00:00Z,19.9
2024-03-30T05:00:00Z,20.4
2024-03-30T06:00:00Z,21.9
2024-03-30T07:00:00Z,22.5
2024-03-30T08:00:00Z,23.2
2024-03-30T09:00:00Z,23.2
2024-03-30T10:00:00Z,23.0
2024-03-30T11:00:00Z,23.2
2024-03-30T12:00:00Z,23.2
2024-03-30T13:00:00Z,21.9
2024-03-30T14:00:00Z,21.7
2024-03-30T15:00:00Z,20.8
2024-03-30T16:00:00Z,20.6
2024-03-30T17:00:00Z,18.9
2024-03-30T18:00:00Z,18.4
2024-03-30T19:00:00Z,18.0
2024-03-30T20:00:00Z,17.5
2024-03-30T21:00:00Z,16.4
2024-03-30T22:00:00Z,17.1
2024-03-30T23:00:00Z,17.1
2024-03-31T00:00:00Z,17.3
2024-03-31T01:00:00Z,17.8
2024-03-31T02:00:00Z,18.6
2024-03-31T03:00:00Z,18.5
2024-03-31T04:00:00Z,20.6
2024-03-31T05:00:00Z,20.4
2024-03-31T06:00:00Z,20.6
2024-03-31T07:00:00Z,22.1
2024-03-31T08:00:00Z,23.2
2024-03-31T09:00:00Z,22.7
2024-03-31T10:00:00Z,23.6
2024-03-31T11:00:00Z,23.5
2024-03-31T12:00:00Z,22.3
2024-03-31T13:00:00Z,21.1
2024-03-31T14:00:00Z,21.0
2024-03-31T15:00:00Z,21.3
2024-03-31T16:00:00Z,19.7
2024-03-31T17:00:00Z,18.6
2024-03-31T18:00:00Z,18.0
2024-03-31T19:00:00Z,17.9
2024-03-31T20:00:00Z,17.4
2024-03-31T21:00:00Z,17.5
2024-03-31T22:00:00Z,17.4
2024-03-31T23:00:00Z,16.7
2024-04-01T00:00:00Z,17.3
2024-04-01T01:00:00Z,17.4
2024-04-01T02:00:00Z,18.5
2024-04-01T03:00:00Z,18.8
2024-04-01T04:00:00Z,19.5
2024-04-01T05:00:00Z,21.6
2024-04-01T06:00:00Z,21.5
2024-04-01T07:00:00Z,22.4
2024-04-01T08:00:00Z,23.6
2024-04-01T09:00:00Z,23.2
2024-04-01T10:00:00Z,23.0
2024-04-01T11:00:00Z,22.9
2024-04-01T12:00:00Z,22.3
2024-04-01T13:00:00Z,22.6
2024-04-01T14:00:00Z,21.4
2024-04-01T15:00:00Z,21.5
2024-04-01T16:00:00Z,19.9
2024-04-01T17:00:00Z,19.1
2024-04-01T18:00:00Z,18.3
2024-04-01T19:00:00Z,18.1
2024-04-01T20:00:00Z,17.5
2024-04-01T21:00:00Z,17.7
