timestamp,load_mw
2024-03-01 00:00,831.0
2024-03-01 01:00,860.5
2024-03-01 02:00,852.4
2024-03-01 03:00,807.3
2024-03-01 04:00,796.8
2024-03-01 05:00,788.4
2024-03-01 06:00,823.8
2024-03-01 07:00,853.8
2024-03-01 08:00,935.1
2024-03-01 09:00,973.5
2024-03-01 10:00,1125.7
2024-03-01 11:00,1176.4
2024-03-01 12:00,1246.0
2024-03-01 13:00,1251.1
2024-03-01 14:00,1226.9
2024-03-01 15:00,1186.4
2024-03-01 16:00,1112.2
2024-03-01 17:00,1002.9
2024-03-01 18:00,918.7
2024-03-01 19:00,866.9
2024-03-01 20:00,797.6
2024-03-01 21:00,770.3
2024-03-01 22:00,808.9
2024-03-01 23:00,804.0
2024-03-02 00:00,679.1
2024-03-02 01:00,703.9
2024-03-02 02:00,705.3
2024-03-02 03:00,680.2
2024-03-02 04:00,662.6
2024-03-02 05:00,686.4
2024-03-02 06:00,715.4
2024-03-02 07:00,730.5
2024-03-02 08:00,778.7
2024-03-02 09:00,872.2
2024-03-02 10:00,956.2
2024-03-02 11:00,1007.2
2024-03-02 12:00,1070.2
2024-03-02 13:00,1096.2
2024-03-02 14:00,1056.6
2024-03-02 15:00,997.9
2024-03-02 16:00,949.4
2024-03-02 17:00,869.6
2024-03-02 18:00,811.7
2024-03-02 19:00,711.4
2024-03-02 20:00,687.0
2024-03-02 21:00,670.4
2024-03-02 22:00,657.9
2024-03-02 23:00,703.6
2024-03-03 00:00,722.8
2024-03-03 01:00,704.8
2024-03-03 02:00,738.2
2024-03-03 03:00,716.1
2024-03-03 04:00,700.3
2024-03-03 05:00,692.6
2024-03-03 06:00,716.0
2024-03-03 07:00,710.3
2024-03-03 08:00,802.7
2024-03-03 09:00,875.6
2024-03-03 10:00,910.9
2024-03-03 11:00,1018.3
2024-03-03 12:00,1055.3
2024-03-03 13:00,1090.9
2024-03-03 14:00,1051.8
2024-03-03 15:00,1011.6
2024-03-03 16:00,948.8
2024-03-03 17:00,848.8
2024-03-03 18:00,802.2
2024-03-03 19:00,732.2
2024-03-03 20:00,707.4
2024-03-03 21:00,675.7
2024-03-03 22:00,708.2
2024-03-03 23:00,711.8
2024-03-04 00:00,825.7
2024-03-04 01:00,845.8
2024-03-04 02:00,851.5
2024-03-04 03:00,847.2
2024-03-04 04:00,772.4
2024-03-04 05:00,812.4
2024-03-04 06:00,820.4
2024-03-04 07:00,851.6
2024-03-04 08:00,901.9
2024-03-04 09:00,1027.6
2024-03-04 10:00,1072.8
2024-03-04 11:00,1186.3
2024-03-04 12:00,1255.0
2024-03-04 13:00,1222.5
2024-03-04 14:00,1226.1
2024-03-04 15:00,1152.4
2024-03-04 16:00,1099.8
2024-03-04 17:00,1032.0
2024-03-04 18:00,956.2
2024-03-04 19:00,821.0
2024-03-04 20:00,801.4
2024-03-04 21:00,808.8
2024-03-04 22:00,828.8
2024-03-04 23:00,822.1
2024-03-05 00:00,815.0
2024-03-05 01:00,839.3
2024-03-05 02:00,828.1
2024-03-05 03:00,810.8
2024-03-05 04:00,787.0
2024-03-05 05:00,803.0
2024-03-05 06:00,817.1
2024-03-05 07:00,851.1
2024-03-05 08:00,915.4
2024-03-05 09:00,981.2
2024-03-05 10:00,1086.1
2024-03-05 11:00,1197.1
2024-03-05 12:00,1227.4
2024-03-05 13:00,1224.7
2024-03-05 14:00,1254.8
2024-03-05 15:00,1184.8
2024-03-05 16:00,1132.7
2024-03-05 17:00,1005.3
2024-03-05 18:00,910.9
2024-03-05 19:00,826.5
2024-03-05 20:00,835.1
2024-03-05 21:00,841.9
2024-03-05 22:00,785.1
2024-03-05 23:00,802.4
2024-03-06 00:00,838.6
2024-03-06 01:00,818.5
2024-03-06 02:00,823.0
2024-03-06 03:00,807.7
2024-03-06 04:00,803.2
2024-03-06 05:00,815.2
2024-03-06 06:00,811.5
2024-03-06 07:00,868.8
2024-03-06 08:00,911.3
2024-03-06 09:00,1009.7
2024-03-06 10:00,1055.7
2024-03-06 11:00,1148.5
2024-03-06 12:00,1244.4
2024-03-06 13:00,1239.2
2024-03-06 14:00,1240.5
2024-03-06 15:00,1184.3
2024-03-06 16:00,1117.9
2024-03-06 17:00,1018.2
2024-03-06 18:00,936.9
2024-03-06 19:00,850.0
2024-03-06 20:00,798.2
2024-03-06 21:00,782.0
2024-03-06 22:00,790.6
2024-03-06 23:00,793.2
2024-03-07 00:00,817.6
2024-03-07 01:00,831.3
2024-03-07 02:00,831.9
2024-03-07 03:00,807.4
2024-03-07 04:00,764.6
2024-03-07 05:00,793.7
2024-03-07 06:00,814.6
2024-03-07 07:00,871.3
2024-03-07 08:00,928.7
2024-03-07 09:00,991.6
2024-03-07 10:00,1080.5
2024-03-07 11:00,1210.1
2024-03-07 12:00,1243.0
2024-03-07 13:00,1282.0
2024-03-07 14:00,1267.6
2024-03-07 15:00,1159.1
2024-03-07 16:00,1100.3
2024-03-07 17:00,1011.2
2024-03-07 18:00,928.2
2024-03-07 19:00,861.3
2024-03-07 20:00,813.9
2024-03-07 21:00,797.8
2024-03-07 22:00,771.8
2024-03-07 23:00,810.1
2024-03-08 00:00,813.4
2024-03-08 01:00,834.7
2024-03-08 02:00,818.4
2024-03-08 03:00,824.1
2024-03-08 04:00,813.5
2024-03-08 05:00,800.1
2024-03-08 06:00,815.8
2024-03-08 07:00,852.9
2024-03-08 08:00,909.7
2024-03-08 09:00,999.6
2024-03-08 10:00,1084.0
2024-03-08 11:00,1180.2
2024-03-08 12:00,1228.9
2024-03-08 13:00,1258.8
2024-03-08 14:00,1204.6
2024-03-08 15:00,1189.1
2024-03-08 16:00,1079.0
2024-03-08 17:00,989.1
2024-03-08 18:00,914.0
2024-03-08 19:00,840.9
2024-03-08 20:00,815.1
2024-03-08 21:00,783.9
2024-03-08 22:00,779.2
2024-03-08 23:00,797.4
2024-03-09 00:00,734.3
2024-03-09 01:00,716.3
2024-03-09 02:00,689.7
2024-03-09 03:00,698.9
2024-03-09 04:00,658.5
2024-03-09 05:00,715.1
2024-03-09 06:00,668.8
2024-03-09 07:00,740.3
2024-03-09 08:00,798.6
2024-03-09 09:00,835.6
2024-03-09 10:00,944.7
2024-03-09 11:00,1026.3
2024-03-09 12:00,1064.4
2024-03-09 13:00,1077.6
2024-03-09 14:00,1073.0
2024-03-09 15:00,1011.2
2024-03-09 16:00,945.2
2024-03-09 17:00,859.2
2024-03-09 18:00,800.0
2024-03-09 19:00,714.5
2024-03-09 20:00,710.3
2024-03-09 21:00,673.5
2024-03-09 22:00,666.6
2024-03-09 23:00,705.0
2024-03-10 00:00,740.8
2024-03-10 01:00,732.4
2024-03-10 02:00,701.0
2024-03-10 03:00,710.9
2024-03-10 04:00,677.9
2024-03-10 05:00,680.3
2024-03-10 06:00,697.5
2024-03-10 07:00,689.5
2024-03-10 08:00,791.8
2024-03-10 09:00,842.6
2024-03-10 10:00,926.2
2024-03-10 11:00,981.2
2024-03-10 12:00,1028.0
2024-03-10 13:00,1055.3
2024-03-10 14:00,1070.1
2024-03-10 15:00,1037.6
2024-03-10 16:00,938.2
2024-03-10 17:00,880.6
2024-03-10 18:00,783.4
2024-03-10 19:00,696.6
2024-03-10 20:00,698.3
2024-03-10 21:00,690.2
2024-03-10 22:00,678.1
2024-03-10 23:00,703.4
2024-03-11 00:00,835.7
2024-03-11 01:00,815.4
2024-03-11 02:00,798.8
2024-03-11 03:00,807.6
2024-03-11 04:00,793.5
2024-03-11 05:00,786.8
2024-03-11 06:00,826.4
2024-03-11 07:00,880.8
2024-03-11 08:00,908.6
2024-03-11 09:00,1013.3
2024-03-11 10:00,1107.9
2024-03-11 11:00,1183.9
2024-03-11 12:00,1245.2
2024-03-11 13:00,1239.1
2024-03-11 14:00,1239.6
2024-03-11 15:00,1207.4
2024-03-11 16:00,1105.2
2024-03-11 17:00,989.4
2024-03-11 18:00,926.8
2024-03-11 19:00,872.2
2024-03-11 20:00,815.0
2024-03-11 21:00,782.7
2024-03-11 22:00,824.7
2024-03-11 23:00,788.6
2024-03-12 00:00,834.0
2024-03-12 01:00,830.2
2024-03-12 02:00,803.4
2024-03-12 03:00,833.0
2024-03-12 04:00,803.1
2024-03-12 05:00,771.6
2024-03-12 06:00,819.0
2024-03-12 07:00,841.4
2024-03-12 08:00,881.3
2024-03-12 09:00,987.7
2024-03-12 10:00,1095.0
2024-03-12 11:00,1181.8
2024-03-12 12:00,1228.6
2024-03-12 13:00,1246.1
2024-03-12 14:00,1234.0
2024-03-12 15:00,1166.5
2024-03-12 16:00,1111.3
2024-03-12 17:00,1002.6
2024-03-12 18:00,920.6
2024-03-12 19:00,858.7
2024-03-12 20:00,788.8
2024-03-12 21:00,779.5
2024-03-12 22:00,824.0
2024-03-12 23:00,816.7
2024-03-13 00:00,819.3
2024-03-13 01:00,836.1
2024-03-13 02:00,815.7
2024-03-13 03:00,815.6
2024-03-13 04:00,784.4
2024-03-13 05:00,797.1
2024-03-13 06:00,779.3
2024-03-13 07:00,872.7
2024-03-13 08:00,905.8
2024-03-13 09:00,971.1
2024-03-13 10:00,1085.6
2024-03-13 11:00,1163.0
2024-03-13 12:00,1227.6
2024-03-13 13:00,1223.9
2024-03-13 14:00,1232.0
2024-03-13 15:00,1234.8
2024-03-13 16:00,1066.4
2024-03-13 17:00,1005.4
2024-03-13 18:00,909.2
2024-03-13 19:00,851.9
2024-03-13 20:00,774.8
2024-03-13 21:00,771.1
2024-03-13 22:00,804.3
2024-03-13 23:00,809.5
2024-03-14 00:00,853.4
2024-03-14 01:00,816.8
2024-03-14 02:00,827.0
2024-03-14 03:00,862.5
2024-03-14 04:00,782.1
2024-03-14 05:00,775.4
2024-03-14 06:00,806.5
2024-03-14 07:00,847.4
2024-03-14 08:00,929.6
2024-03-14 09:00,1001.3
2024-03-14 10:00,1075.3
2024-03-14 11:00,1172.8
2024-03-14 12:00,1271.6
2024-03-14 13:00,1266.7
2024-03-14 14:00,1174.0
2024-03-14 15:00,1166.3
2024-03-14 16:00,1073.0
2024-03-14 17:00,1009.9
2024-03-14 18:00,911.1
2024-03-14 19:00,882.7
2024-03-14 20:00,823.6
2024-03-14 21:00,807.4
2024-03-14 22:00,798.9
2024-03-14 23:00,808.9
2024-03-15 00:00,829.5
2024-03-15 01:00,852.3
2024-03-15 02:00,833.0
2024-03-15 03:00,803.3
2024-03-15 04:00,818.3
2024-03-15 05:00,794.7
2024-03-15 06:00,805.3
2024-03-15 07:00,833.4
2024-03-15 08:00,903.7
2024-03-15 09:00,986.9
2024-03-15 10:00,1038.0
2024-03-15 11:00,1186.6
2024-03-15 12:00,1233.6
2024-03-15 13:00,1239.2
2024-03-15 14:00,1242.2
2024-03-15 15:00,1176.0
2024-03-15 16:00,1094.8
2024-03-15 17:00,953.6
2024-03-15 18:00,909.5
2024-03-15 19:00,857.0
2024-03-15 20:00,835.4
2024-03-15 21:00,824.0
2024-03-15 22:00,820.7
2024-03-15 23:00,788.3
2024-03-16 00:00,668.2
2024-03-16 01:00,722.7
2024-03-16 02:00,708.2
2024-03-16 03:00,713.1
2024-03-16 04:00,681.4
2024-03-16 05:00,684.0
2024-03-16 06:00,666.3
2024-03-16 07:00,736.6
2024-03-16 08:00,777.5
2024-03-16 09:00,864.3
2024-03-16 10:00,943.6
2024-03-16 11:00,1002.0
2024-03-16 12:00,1057.2
2024-03-16 13:00,1068.1
2024-03-16 14:00,1065.1
2024-03-16 15:00,1013.0
2024-03-16 16:00,925.4
2024-03-16 17:00,847.3
2024-03-16 18:00,816.7
2024-03-16 19:00,726.5
2024-03-16 20:00,710.9
2024-03-16 21:00,686.8
2024-03-16 22:00,673.2
2024-03-16 23:00,682.0
2024-03-17 00:00,709.4
2024-03-17 01:00,716.7
2024-03-17 02:00,718.3
2024-03-17 03:00,672.6
2024-03-17 04:00,672.5
2024-03-17 05:00,677.9
2024-03-17 06:00,721.7
2024-03-17 07:00,685.6
2024-03-17 08:00,792.9
2024-03-17 09:00,847.8
2024-03-17 10:00,942.6
2024-03-17 11:00,994.6
2024-03-17 12:00,1057.4
2024-03-17 13:00,1095.9
2024-03-17 14:00,1057.2
2024-03-17 15:00,1011.2
2024-03-17 16:00,941.4
2024-03-17 17:00,843.8
2024-03-17 18:00,794.6
2024-03-17 19:00,724.1
2024-03-17 20:00,678.0
2024-03-17 21:00,678.6
2024-03-17 22:00,678.8
2024-03-17 23:00,708.6
2024-03-18 00:00,821.2
2024-03-18 01:00,817.9
2024-03-18 02:00,848.1
2024-03-18 03:00,825.9
2024-03-18 04:00,816.8
2024-03-18 05:00,800.7
2024-03-18 06:00,803.2
2024-03-18 07:00,838.6
2024-03-18 08:00,907.2
2024-03-18 09:00,1013.6
2024-03-18 10:00,1088.3
2024-03-18 11:00,1139.5
2024-03-18 12:00,1220.5
2024-03-18 13:00,1215.3
2024-03-18 14:00,1224.1
2024-03-18 15:00,1144.4
2024-03-18 16:00,1063.4
2024-03-18 17:00,998.4
2024-03-18 18:00,910.6
2024-03-18 19:00,816.0
2024-03-18 20:00,818.4
2024-03-18 21:00,828.4
2024-03-18 22:00,766.9
2024-03-18 23:00,840.5
2024-03-19 00:00,809.0
2024-03-19 01:00,818.1
2024-03-19 02:00,818.2
2024-03-19 03:00,781.6
2024-03-19 04:00,816.9
2024-03-19 05:00,798.2
2024-03-19 06:00,791.2
2024-03-19 07:00,840.6
2024-03-19 08:00,884.4
2024-03-19 09:00,989.6
2024-03-19 10:00,1102.5
2024-03-19 11:00,1134.6
2024-03-19 12:00,1212.6
2024-03-19 13:00,1242.7
2024-03-19 14:00,1239.3
2024-03-19 15:00,1189.6
2024-03-19 16:00,1077.3
2024-03-19 17:00,982.4
2024-03-19 18:00,919.6
2024-03-19 19:00,838.8
2024-03-19 20:00,798.9
2024-03-19 21:00,808.4
2024-03-19 22:00,823.5
2024-03-19 23:00,812.0
2024-03-20 00:00,817.5
2024-03-20 01:00,836.7
2024-03-20 02:00,786.9
2024-03-20 03:00,806.8
2024-03-20 04:00,773.9
2024-03-20 05:00,831.8
2024-03-20 06:00,817.2
2024-03-20 07:00,847.6
2024-03-20 08:00,907.6
2024-03-20 09:00,950.0
2024-03-20 10:00,1097.8
2024-03-20 11:00,1194.1
2024-03-20 12:00,1206.6
2024-03-20 13:00,1251.6
2024-03-20 14:00,1232.7
2024-03-20 15:00,1136.8
2024-03-20 16:00,1101.7
2024-03-20 17:00,1019.5
2024-03-20 18:00,915.0
2024-03-20 19:00,843.7
2024-03-20 20:00,818.1
2024-03-20 21:00,760.8
2024-03-20 22:00,794.3
2024-03-20 23:00,825.7
2024-03-21 00:00,798.1
2024-03-21 01:00,843.8
2024-03-21 02:00,812.9
2024-03-21 03:00,769.2
2024-03-21 04:00,790.6
2024-03-21 05:00,770.8
2024-03-21 06:00,809.5
2024-03-21 07:00,823.5
2024-03-21 08:00,929.5
2024-03-21 09:00,981.4
2024-03-21 10:00,1090.8
2024-03-21 11:00,1153.3
2024-03-21 12:00,1213.2
2024-03-21 13:00,1260.0
2024-03-21 14:00,1222.8
2024-03-21 15:00,1156.8
2024-03-21 16:00,1061.6
2024-03-21 17:00,1015.4
2024-03-21 18:00,923.5
2024-03-21 19:00,838.5
2024-03-21 20:00,807.8
2024-03-21 21:00,769.5
2024-03-21 22:00,773.9
2024-03-21 23:00,791.4
2024-03-22 00:00,826.3
2024-03-22 01:00,830.8
2024-03-22 02:00,806.5
2024-03-22 03:00,819.4
2024-03-22 04:00,806.2
2024-03-22 05:00,791.0
2024-03-22 06:00,822.0
2024-03-22 07:00,838.9
2024-03-22 08:00,908.0
2024-03-22 09:00,1002.6
2024-03-22 10:00,1083.1
2024-03-22 11:00,1177.6
2024-03-22 12:00,1195.7
2024-03-22 13:00,1263.5
2024-03-22 14:00,1204.1
2024-03-22 15:00,1160.2
2024-03-22 16:00,1058.7
2024-03-22 17:00,1004.7
2024-03-22 18:00,932.7
2024-03-22 19:00,863.1
2024-03-22 20:00,818.0
2024-03-22 21:00,759.5
2024-03-22 22:00,777.6
2024-03-22 23:00,797.4
2024-03-23 00:00,687.9
2024-03-23 01:00,729.7
2024-03-23 02:00,708.0
2024-03-23 03:00,692.4
2024-03-23 04:00,689.5
2024-03-23 05:00,660.0
2024-03-23 06:00,674.0
2024-03-23 07:00,709.6
2024-03-23 08:00,791.1
2024-03-23 09:00,860.5
2024-03-23 10:00,941.8
2024-03-23 11:00,1019.3
2024-03-23 12:00,1022.6
2024-03-23 13:00,1053.8
2024-03-23 14:00,1049.6
2024-03-23 15:00,975.5
2024-03-23 16:00,921.7
2024-03-23 17:00,872.5
2024-03-23 18:00,801.8
2024-03-23 19:00,744.6
2024-03-23 20:00,690.9
2024-03-23 21:00,673.0
2024-03-23 22:00,699.8
2024-03-23 23:00,685.8
2024-03-24 00:00,710.4
2024-03-24 01:00,732.9
2024-03-24 02:00,697.6
2024-03-24 03:00,681.5
2024-03-24 04:00,680.1
2024-03-24 05:00,687.5
2024-03-24 06:00,698.6
2024-03-24 07:00,727.8
2024-03-24 08:00,791.7
2024-03-24 09:00,825.1
2024-03-24 10:00,915.4
2024-03-24 11:00,1002.2
2024-03-24 12:00,1029.7
2024-03-24 13:00,1039.1
2024-03-24 14:00,1024.6
2024-03-24 15:00,982.6
2024-03-24 16:00,927.5
2024-03-24 17:00,835.3
2024-03-24 18:00,785.7
2024-03-24 19:00,755.3
2024-03-24 20:00,687.1
2024-03-24 21:00,699.4
2024-03-24 22:00,685.2
2024-03-24 23:00,671.9
2024-03-25 00:00,813.8
2024-03-25 01:00,806.3
2024-03-25 02:00,832.2
2024-03-25 03:00,783.9
2024-03-25 04:00,814.4
2024-03-25 05:00,796.8
2024-03-25 06:00,765.4
2024-03-25 07:00,856.7
2024-03-25 08:00,936.3
2024-03-25 09:00,978.0
2024-03-25 10:00,1099.4
2024-03-25 11:00,1128.8
2024-03-25 12:00,1220.5
2024-03-25 13:00,1205.6
2024-03-25 14:00,1224.6
2024-03-25 15:00,1128.9
2024-03-25 16:00,1034.1
2024-03-25 17:00,999.2
2024-03-25 18:00,949.3
2024-03-25 19:00,831.6
2024-03-25 20:00,816.5
2024-03-25 21:00,788.1
2024-03-25 22:00,784.4
2024-03-25 23:00,815.4
2024-03-26 00:00,847.5
2024-03-26 01:00,801.2
2024-03-26 02:00,828.0
2024-03-26 03:00,810.4
2024-03-26 04:00,764.5
2024-03-26 05:00,815.0
2024-03-26 06:00,836.4
2024-03-26 07:00,824.9
2024-03-26 08:00,939.1
2024-03-26 09:00,992.7
2024-03-26 10:00,1078.1
2024-03-26 11:00,1187.6
2024-03-26 12:00,1219.4
2024-03-26 13:00,1240.6
2024-03-26 14:00,1242.5
2024-03-26 15:00,1183.6
2024-03-26 16:00,1097.0
2024-03-26 17:00,966.3
2024-03-26 18:00,879.3
2024-03-26 19:00,862.0
2024-03-26 20:00,784.3
2024-03-26 21:00,788.3
2024-03-26 22:00,770.4
2024-03-26 23:00,800.5
2024-03-27 00:00,794.4
2024-03-27 01:00,852.3
2024-03-27 02:00,799.1
2024-03-27 03:00,801.5
2024-03-27 04:00,786.2
2024-03-27 05:00,807.2
2024-03-27 06:00,775.3
2024-03-27 07:00,840.9
2024-03-27 08:00,903.5
2024-03-27 09:00,1000.6
2024-03-27 10:00,1088.9
2024-03-27 11:00,1151.4
2024-03-27 12:00,1218.8
2024-03-27 13:00,1227.3
2024-03-27 14:00,1222.9
2024-03-27 15:00,1157.8
2024-03-27 16:00,1068.4
2024-03-27 17:00,990.4
2024-03-27 18:00,913.6
2024-03-27 19:00,882.0
2024-03-27 20:00,791.7
2024-03-27 21:00,790.7
2024-03-27 22:00,815.6
2024-03-27 23:00,765.9
2024-03-28 00:00,785.6
2024-03-28 01:00,801.0
2024-03-28 02:00,814.8
2024-03-28 03:00,847.1
2024-03-28 04:00,796.2
2024-03-28 05:00,806.7
2024-03-28 06:00,796.3
2024-03-28 07:00,796.7
2024-03-28 08:00,865.1
2024-03-28 09:00,1008.8
2024-03-28 10:00,1083.1
2024-03-28 11:00,1135.7
2024-03-28 12:00,1233.9
2024-03-28 13:00,1205.6
2024-03-28 14:00,1234.1
2024-03-28 15:00,1185.1
2024-03-28 16:00,1065.8
2024-03-28 17:00,970.3
2024-03-28 18:00,921.7
2024-03-28 19:00,821.0
2024-03-28 20:00,815.6
2024-03-28 21:00,763.1
2024-03-28 22:00,803.3
2024-03-28 23:00,804.5
2024-03-29 00:00,808.7
2024-03-29 01:00,805.8
2024-03-29 02:00,820.7
2024-03-29 03:00,768.7
2024-03-29 04:00,783.7
2024-03-29 05:00,777.4
2024-03-29 06:00,812.1
2024-03-29 07:00,817.9
2024-03-29 08:00,937.0
2024-03-29 09:00,984.2
2024-03-29 10:00,1058.6
2024-03-29 11:00,1183.3
2024-03-29 12:00,1243.0
2024-03-29 13:00,1229.1
2024-03-29 14:00,1196.9
2024-03-29 15:00,1158.5
2024-03-29 16:00,1066.5
2024-03-29 17:00,984.0
2024-03-29 18:00,934.0
2024-03-29 19:00,847.3
2024-03-29 20:00,802.2
2024-03-29 21:00,790.4
2024-03-29 22:00,787.3
2024-03-29 23:00,817.5
2024-03-30 00:00,717.5
2024-03-30 01:00,699.8
2024-03-30 02:00,703.6
2024-03-30 03:00,733.4
2024-03-30 04:00,685.4
2024-03-30 05:00,670.9
2024-03-30 06:00,724.3
2024-03-30 07:00,722.5
2024-03-30 08:00,759.1
2024-03-30 09:00,862.9
2024-03-30 10:00,911.2
2024-03-30 11:00,986.6
2024-03-30 12:00,1048.5
2024-03-30 13:00,1057.0
2024-03-30 14:00,1028.8
2024-03-30 15:00,985.6
2024-03-30 16:00,916.6
2024-03-30 17:00,871.6
2024-03-30 18:00,765.6
2024-03-30 19:00,711.9
2024-03-30 20:00,723.9
2024-03-30 21:00,664.0
2024-03-30 22:00,704.3
2024-03-30 23:00,713.3
2024-03-31 00:00,698.5
2024-03-31 01:00,680.5
2024-03-31 02:00,709.4
2024-03-31 03:00,701.6
2024-03-31 04:00,694.8
2024-03-31 05:00,675.1
2024-03-31 06:00,708.7
2024-03-31 07:00,747.0
2024-03-31 08:00,759.4
2024-03-31 09:00,876.0
2024-03-31 10:00,930.0
2024-03-31 11:00,984.8
2024-03-31 12:00,1036.2
2024-03-31 13:00,1092.5
2024-03-31 14:00,1059.6
2024-03-31 15:00,962.7
2024-03-31 16:00,928.2
2024-03-31 17:00,847.5
2024-03-31 18:00,775.0
2024-03-31 19:00,712.5
2024-03-31 20:00,660.6
2024-03-31 21:00,689.1
2024-03-31 22:00,660.2
2024-03-31 23:00,682.5
2024-04-01 00:00,804.1
2024-04-01 01:00,807.3
2024-04-01 02:00,828.3
2024-04-01 03:00,808.2
2024-04-01 04:00,775.1
2024-04-01 05:00,766.1
2024-04-01 06:00,789.9
2024-04-01 07:00,856.4
2024-04-01 08:00,906.8
2024-04-01 09:00,992.2
2024-04-01 10:00,1071.2
2024-04-01 11:00,1151.6
2024-04-01 12:00,1214.7
2024-04-01 13:00,1197.1
2024-04-01 14:00,1239.8
2024-04-01 15:00,1142.0
2024-04-01 16:00,1066.7
2024-04-01 17:00,1011.9
2024-04-01 18:00,908.3
2024-04-01 19:00,839.4
2024-04-01 20:00,787.6
2024-04-01 21:00,754.6
2024-04-01 22:00,790.2
2024-04-01 23:00,822.4
2024-04-02 00:00,798.3
2024-04-02 01:00,844.5
2024-04-02 02:00,794.1
2024-04-02 03:00,787.6
2024-04-02 04:00,795.8
2024-04-02 05:00,782.6
2024-04-02 06:00,810.3
2024-04-02 07:00,825.1
2024-04-02 08:00,885.4
2024-04-02 09:00,953.8
2024-04-02 10:00,1054.8
2024-04-02 11:00,1136.2
2024-04-02 12:00,1184.4
2024-04-02 13:00,1235.1
2024-04-02 14:00,1198.1
2024-04-02 15:00,1119.6
2024-04-02 16:00,1121.0
2024-04-02 17:00,972.2
2024-04-02 18:00,881.1
2024-04-02 19:00,860.5
2024-04-02 20:00,818.6
2024-04-02 21:00,761.5
2024-04-02 22:00,759.8
2024-04-02 23:00,782.4
2024-04-03 00:00,834.3
2024-04-03 01:00,813.8
2024-04-03 02:00,799.4
2024-04-03 03:00,799.8
2024-04-03 04:00,807.9
2024-04-03 05:00,757.1
2024-04-03 06:00,790.5
2024-04-03 07:00,813.0
2024-04-03 08:00,942.5
2024-04-03 09:00,1019.6
2024-04-03 10:00,1092.9
2024-04-03 11:00,1152.4
2024-04-03 12:00,1221.2
2024-04-03 13:00,1190.9
2024-04-03 14:00,1214.3
2024-04-03 15:00,1130.7
2024-04-03 16:00,1051.8
2024-04-03 17:00,973.9
2024-04-03 18:00,896.8
2024-04-03 19:00,848.0
2024-04-03 20:00,809.7
2024-04-03 21:00,786.5
2024-04-03 22:00,768.9
2024-04-03 23:00,812.0
2024-04-04 00:00,811.3
2024-04-04 01:00,840.2
2024-04-04 02:00,796.9
2024-04-04 03:00,750.0
2024-04-04 04:00,777.2
2024-04-04 05:00,820.3
2024-04-04 06:00,805.4
2024-04-04 07:00,833.9
2024-04-04 08:00,918.7
2024-04-04 09:00,995.3
2024-04-04 10:00,1083.4
2024-04-04 11:00,1144.9
2024-04-04 12:00,1210.0
2024-04-04 13:00,1231.6
2024-04-04 14:00,1197.0
2024-04-04 15:00,1133.9
2024-04-04 16:00,1077.5
2024-04-04 17:00,1003.5
2024-04-04 18:00,914.3
2024-04-04 19:00,846.0
2024-04-04 20:00,805.7
2024-04-04 21:00,827.8
2024-04-04 22:00,790.1
2024-04-04 23:00,818.1
2024-04-05 00:00,848.2
2024-04-05 01:00,819.4
2024-04-05 02:00,817.7
2024-04-05 03:00,818.1
2024-04-05 04:00,815.7
2024-04-05 05:00,786.8
2024-04-05 06:00,803.0
2024-04-05 07:00,838.5
2024-04-05 08:00,880.6
2024-04-05 09:00,1005.7
2024-04-05 10:00,1069.9
2024-04-05 11:00,1122.5
2024-04-05 12:00,1205.3
2024-04-05 13:00,1196.2
2024-04-05 14:00,1189.7
2024-04-05 15:00,1153.7
2024-04-05 16:00,1057.8
2024-04-05 17:00,1004.8
2024-04-05 18:00,875.7
2024-04-05 19:00,841.5
2024-04-05 20:00,806.3
2024-04-05 21:00,807.2
2024-04-05 22:00,801.7
2024-04-05 23:00,803.2
2024-04-06 00:00,700.3
2024-04-06 01:00,702.5
2024-04-06 02:00,719.3
2024-04-06 03:00,675.3
2024-04-06 04:00,684.5
2024-04-06 05:00,669.9
2024-04-06 06:00,689.0
2024-04-06 07:00,714.7
2024-04-06 08:00,814.1
2024-04-06 09:00,835.5
2024-04-06 10:00,928.2
2024-04-06 11:00,996.5
2024-04-06 12:00,1049.3
2024-04-06 13:00,1063.1
2024-04-06 14:00,1045.9
2024-04-06 15:00,1009.1
2024-04-06 16:00,896.4
2024-04-06 17:00,847.3
2024-04-06 18:00,753.3
2024-04-06 19:00,723.5
2024-04-06 20:00,663.2
2024-04-06 21:00,654.0
2024-04-06 22:00,673.8
2024-04-06 23:00,712.0
2024-04-07 00:00,708.9
2024-04-07 01:00,708.5
2024-04-07 02:00,723.7
2024-04-07 03:00,669.8
2024-04-07 04:00,637.1
2024-04-07 05:00,663.6
2024-04-07 06:00,679.3
2024-04-07 07:00,741.3
2024-04-07 08:00,813.8
2024-04-07 09:00,822.9
2024-04-07 10:00,967.7
2024-04-07 11:00,1019.1
2024-04-07 12:00,1052.8
2024-04-07 13:00,1061.0
2024-04-07 14:00,1081.4
2024-04-07 15:00,992.3
2024-04-07 16:00,914.5
2024-04-07 17:00,849.2
2024-04-07 18:00,750.4
2024-04-07 19:00,727.4
2024-04-07 20:00,682.1
2024-04-07 21:00,676.9
2024-04-07 22:00,680.9
2024-04-07 23:00,667.4
2024-04-08 00:00,835.4
2024-04-08 01:00,798.9
2024-04-08 02:00,827.7
2024-04-08 03:00,769.4
2024-04-08 04:00,790.8
2024-04-08 05:00,765.2
2024-04-08 06:00,796.0
2024-04-08 07:00,823.9
2024-04-08 08:00,861.6
2024-04-08 09:00,964.0
2024-04-08 10:00,1074.0
2024-04-08 11:00,1162.8
2024-04-08 12:00,1179.5
2024-04-08 13:00,1187.0
2024-04-08 14:00,1190.2
2024-04-08 15:00,1147.7
2024-04-08 16:00,1061.2
2024-04-08 17:00,969.3
2024-04-08 18:00,916.0
2024-04-08 19:00,852.8
2024-04-08 20:00,808.3
2024-04-08 21:00,762.8
2024-04-08 22:00,785.1
2024-04-08 23:00,794.2
2024-04-09 00:00,785.5
2024-04-09 01:00,832.6
2024-04-09 02:00,812.8
2024-04-09 03:00,788.9
2024-04-09 04:00,809.2
2024-04-09 05:00,793.3
2024-04-09 06:00,810.2
2024-04-09 07:00,856.7
2024-04-09 08:00,913.3
2024-04-09 09:00,960.7
2024-04-09 10:00,1065.1
2024-04-09 11:00,1168.9
2024-04-09 12:00,1191.3
2024-04-09 13:00,1225.2
2024-04-09 14:00,1212.3
2024-04-09 15:00,1176.7
2024-04-09 16:00,1095.3
2024-04-09 17:00,999.4
2024-04-09 18:00,896.7
2024-04-09 19:00,851.3
2024-04-09 20:00,803.9
2024-04-09 21:00,776.2
2024-04-09 22:00,807.7
2024-04-09 23:00,806.1
2024-04-10 00:00,797.1
2024-04-10 01:00,838.9
2024-04-10 02:00,806.1
2024-04-10 03:00,807.8
2024-04-10 04:00,755.7
2024-04-10 05:00,778.6
2024-04-10 06:00,777.2
2024-04-10 07:00,817.0
2024-04-10 08:00,865.3
2024-04-10 09:00,1021.4
2024-04-10 10:00,1068.7
2024-04-10 11:00,1154.4
2024-04-10 12:00,1224.3
2024-04-10 13:00,1221.5
2024-04-10 14:00,1213.5
2024-04-10 15:00,1125.5
2024-04-10 16:00,1074.7
2024-04-10 17:00,975.1
2024-04-10 18:00,908.5
2024-04-10 19:00,837.5
2024-04-10 20:00,768.9
2024-04-10 21:00,745.3
2024-04-10 22:00,764.4
2024-04-10 23:00,809.9
2024-04-11 00:00,817.8
2024-04-11 01:00,822.8
2024-04-11 02:00,773.7
2024-04-11 03:00,748.1
2024-04-11 04:00,771.3
2024-04-11 05:00,772.4
2024-04-11 06:00,782.8
2024-04-11 07:00,840.3
2024-04-11 08:00,896.0
2024-04-11 09:00,960.8
2024-04-11 10:00,1054.8
2024-04-11 11:00,1151.9
2024-04-11 12:00,1204.8
2024-04-11 13:00,1221.5
2024-04-11 14:00,1244.2
2024-04-11 15:00,1144.4
2024-04-11 16:00,1072.6
2024-04-11 17:00,963.9
2024-04-11 18:00,892.3
2024-04-11 19:00,843.0
2024-04-11 20:00,803.5
2024-04-11 21:00,775.2
2024-04-11 22:00,789.2
2024-04-11 23:00,797.0
2024-04-12 00:00,775.6
2024-04-12 01:00,756.0
2024-04-12 02:00,851.0
2024-04-12 03:00,810.8
2024-04-12 04:00,780.9
2024-04-12 05:00,746.5
2024-04-12 06:00,770.1
2024-04-12 07:00,857.7
2024-04-12 08:00,848.2
2024-04-12 09:00,975.6
2024-04-12 10:00,1085.5
2024-04-12 11:00,1151.1
2024-04-12 12:00,1216.3
2024-04-12 13:00,1219.6
2024-04-12 14:00,1245.7
2024-04-12 15:00,1129.9
2024-04-12 16:00,1045.2
2024-04-12 17:00,986.1
2024-04-12 18:00,923.9
2024-04-12 19:00,832.0
2024-04-12 20:00,811.6
2024-04-12 21:00,767.9
2024-04-12 22:00,760.2
2024-04-12 23:00,820.7
2024-04-13 00:00,724.0
2024-04-13 01:00,728.0
2024-04-13 02:00,687.8
2024-04-13 03:00,663.2
2024-04-13 04:00,651.0
2024-04-13 05:00,664.4
2024-04-13 06:00,692.1
2024-04-13 07:00,725.4
2024-04-13 08:00,746.3
2024-04-13 09:00,847.0
2024-04-13 10:00,919.8
2024-04-13 11:00,988.7
2024-04-13 12:00,1033.2
2024-04-13 13:00,1046.6
2024-04-13 14:00,1044.3
2024-04-13 15:00,989.3
2024-04-13 16:00,923.4
2024-04-13 17:00,830.9
2024-04-13 18:00,779.1
2024-04-13 19:00,713.8
2024-04-13 20:00,643.2
2024-04-13 21:00,676.9
2024-04-13 22:00,667.0
2024-04-13 23:00,700.3
2024-04-14 00:00,692.4
2024-04-14 01:00,698.2
2024-04-14 02:00,699.1
2024-04-14 03:00,683.4
2024-04-14 04:00,663.6
2024-04-14 05:00,635.8
2024-04-14 06:00,714.3
2024-04-14 07:00,687.3
2024-04-14 08:00,765.5
2024-04-14 09:00,854.7
2024-04-14 10:00,925.8
2024-04-14 11:00,996.7
2024-04-14 12:00,1046.9
2024-04-14 13:00,1072.4
2024-04-14 14:00,1038.3
2024-04-14 15:00,1038.7
2024-04-14 16:00,900.6
2024-04-14 17:00,846.9
2024-04-14 18:00,765.0
2024-04-14 19:00,705.7
2024-04-14 20:00,686.1
2024-04-14 21:00,694.1
2024-04-14 22:00,658.5
2024-04-14 23:00,670.5
2024-04-15 00:00,821.0
2024-04-15 01:00,823.2
2024-04-15 02:00,843.2
2024-04-15 03:00,812.9
2024-04-15 04:00,784.6
2024-04-15 05:00,770.4
2024-04-15 06:00,795.4
2024-04-15 07:00,828.6
2024-04-15 08:00,872.2
2024-04-15 09:00,979.7
2024-04-15 10:00,1064.7
2024-04-15 11:00,1142.2
2024-04-15 12:00,1192.7
2024-04-15 13:00,1250.2
2024-04-15 14:00,1212.9
2024-04-15 15:00,1163.1
2024-04-15 16:00,1056.8
2024-04-15 17:00,961.0
2024-04-15 18:00,891.4
2024-04-15 19:00,835.9
2024-04-15 20:00,785.0
2024-04-15 21:00,772.6
2024-04-15 22:00,797.4
2024-04-15 23:00,799.4
2024-04-16 00:00,789.8
2024-04-16 01:00,805.2
2024-04-16 02:00,795.6
2024-04-16 03:00,797.2
2024-04-16 04:00,759.0
2024-04-16 05:00,772.7
2024-04-16 06:00,803.5
2024-04-16 07:00,831.8
2024-04-16 08:00,879.7
2024-04-16 09:00,967.9
2024-04-16 10:00,1069.5
2024-04-16 11:00,1154.3
2024-04-16 12:00,1214.8
2024-04-16 13:00,1216.4
2024-04-16 14:00,1175.9
2024-04-16 15:00,1171.2
2024-04-16 16:00,1072.4
2024-04-16 17:00,986.1
2024-04-16 18:00,901.5
2024-04-16 19:00,812.3
2024-04-16 20:00,785.0
2024-04-16 21:00,780.2
2024-04-16 22:00,798.2
2024-04-16 23:00,794.6
2024-04-17 00:00,750.8
2024-04-17 01:00,808.1
2024-04-17 02:00,813.3
2024-04-17 03:00,816.7
2024-04-17 04:00,792.3
2024-04-17 05:00,820.2
2024-04-17 06:00,816.2
2024-04-17 07:00,855.0
2024-04-17 08:00,912.6
2024-04-17 09:00,953.5
2024-04-17 10:00,1081.8
2024-04-17 11:00,1155.7
2024-04-17 12:00,1189.5
2024-04-17 13:00,1228.8
2024-04-17 14:00,1206.4
2024-04-17 15:00,1136.5
2024-04-17 16:00,1064.2
2024-04-17 17:00,973.4
2024-04-17 18:00,899.6
2024-04-17 19:00,822.8
2024-04-17 20:00,800.1
2024-04-17 21:00,740.6
2024-04-17 22:00,774.1
2024-04-17 23:00,762.7
2024-04-18 00:00,797.8
2024-04-18 01:00,821.2
2024-04-18 02:00,806.8
2024-04-18 03:00,790.9
2024-04-18 04:00,780.3
2024-04-18 05:00,803.2
2024-04-18 06:00,770.2
2024-04-18 07:00,846.2
2024-04-18 08:00,867.9
2024-04-18 09:00,969.4
2024-04-18 10:00,1068.8
2024-04-18 11:00,1128.9
2024-04-18 12:00,1201.9
2024-04-18 13:00,1230.6
2024-04-18 14:00,1176.7
2024-04-18 15:00,1142.7
2024-04-18 16:00,1059.0
2024-04-18 17:00,942.6
2024-04-18 18:00,891.5
2024-04-18 19:00,815.6
2024-04-18 20:00,813.9
2024-04-18 21:00,758.8
2024-04-18 22:00,809.3
2024-04-18 23:00,782.9
2024-04-19 00:00,840.9
2024-04-19 01:00,821.1
2024-04-19 02:00,814.1
2024-04-19 03:00,806.9
2024-04-19 04:00,794.8
2024-04-19 05:00,799.7
2024-04-19 06:00,820.8
2024-04-19 07:00,823.5
2024-04-19 08:00,872.0
2024-04-19 09:00,929.1
2024-04-19 10:00,1058.3
2024-04-19 11:00,1157.2
2024-04-19 12:00,1204.3
2024-04-19 13:00,1218.8
2024-04-19 14:00,1191.1
2024-04-19 15:00,1131.9
2024-04-19 16:00,1060.0
2024-04-19 17:00,984.0
2024-04-19 18:00,862.5
2024-04-19 19:00,842.6
2024-04-19 20:00,763.1
2024-04-19 21:00,771.3
2024-04-19 22:00,766.8
2024-04-19 23:00,785.4
2024-04-20 00:00,673.9
2024-04-20 01:00,676.6
2024-04-20 02:00,688.5
2024-04-20 03:00,661.5
2024-04-20 04:00,713.3
2024-04-20 05:00,658.0
2024-04-20 06:00,666.7
2024-04-20 07:00,703.1
2024-04-20 08:00,749.4
2024-04-20 09:00,795.5
2024-04-20 10:00,910.8
2024-04-20 11:00,988.3
2024-04-20 12:00,1002.0
2024-04-20 13:00,1045.7
2024-04-20 14:00,1007.3
2024-04-20 15:00,982.0
2024-04-20 16:00,921.7
2024-04-20 17:00,848.3
2024-04-20 18:00,776.3
2024-04-20 19:00,700.1
2024-04-20 20:00,694.1
2024-04-20 21:00,657.1
2024-04-20 22:00,675.0
2024-04-20 23:00,693.3
2024-04-21 00:00,686.7
2024-04-21 01:00,673.7
2024-04-21 02:00,703.1
2024-04-21 03:00,660.4
2024-04-21 04:00,652.5
2024-04-21 05:00,645.2
2024-04-21 06:00,693.2
2024-04-21 07:00,709.6
2024-04-21 08:00,727.7
2024-04-21 09:00,852.4
2024-04-21 10:00,952.1
2024-04-21 11:00,1014.5
2024-04-21 12:00,1018.2
2024-04-21 13:00,1046.3
2024-04-21 14:00,1037.5
2024-04-21 15:00,998.0
2024-04-21 16:00,915.3
2024-04-21 17:00,819.3
2024-04-21 18:00,781.6
2024-04-21 19:00,723.3
2024-04-21 20:00,653.8
2024-04-21 21:00,658.1
2024-04-21 22:00,673.1
2024-04-21 23:00,680.1
2024-04-22 00:00,813.7
2024-04-22 01:00,824.0
2024-04-22 02:00,814.0
2024-04-22 03:00,788.7
2024-04-22 04:00,752.6
2024-04-22 05:00,783.9
2024-04-22 06:00,813.1
2024-04-22 07:00,863.5
2024-04-22 08:00,892.1
2024-04-22 09:00,974.5
2024-04-22 10:00,1089.1
2024-04-22 11:00,1167.1
2024-04-22 12:00,1201.2
2024-04-22 13:00,1227.1
2024-04-22 14:00,1181.3
2024-04-22 15:00,1151.6
2024-04-22 16:00,1048.0
2024-04-22 17:00,972.3
2024-04-22 18:00,890.2
2024-04-22 19:00,819.2
2024-04-22 20:00,749.6
2024-04-22 21:00,757.6
2024-04-22 22:00,782.5
2024-04-22 23:00,789.2
2024-04-23 00:00,796.6
2024-04-23 01:00,816.9
2024-04-23 02:00,816.1
2024-04-23 03:00,805.5
2024-04-23 04:00,761.8
2024-04-23 05:00,772.6
2024-04-23 06:00,781.3
2024-04-23 07:00,811.6
2024-04-23 08:00,865.1
2024-04-23 09:00,972.7
2024-04-23 10:00,1046.6
2024-04-23 11:00,1179.2
2024-04-23 12:00,1192.5
2024-04-23 13:00,1209.4
2024-04-23 14:00,1187.0
2024-04-23 15:00,1174.0
2024-04-23 16:00,1045.2
2024-04-23 17:00,971.4
2024-04-23 18:00,877.9
2024-04-23 19:00,824.9
2024-04-23 20:00,786.4
2024-04-23 21:00,791.7
2024-04-23 22:00,750.5
2024-04-23 23:00,789.4
2024-04-24 00:00,832.3
2024-04-24 01:00,799.4
2024-04-24 02:00,800.0
2024-04-24 03:00,773.7
2024-04-24 04:00,728.7
2024-04-24 05:00,769.9
2024-04-24 06:00,808.0
2024-04-24 07:00,818.4
2024-04-24 08:00,858.2
2024-04-24 09:00,978.6
2024-04-24 10:00,1063.1
2024-04-24 11:00,1157.7
2024-04-24 12:00,1209.9
2024-04-24 13:00,1207.8
2024-04-24 14:00,1200.6
2024-04-24 15:00,1107.2
2024-04-24 16:00,1081.5
2024-04-24 17:00,977.0
2024-04-24 18:00,910.8
2024-04-24 19:00,845.7
2024-04-24 20:00,781.4
2024-04-24 21:00,768.7
2024-04-24 22:00,759.7
2024-04-24 23:00,752.1
2024-04-25 00:00,800.3
2024-04-25 01:00,810.9
2024-04-25 02:00,783.1
2024-04-25 03:00,802.0
2024-04-25 04:00,777.1
2024-04-25 05:00,779.4
2024-04-25 06:00,772.5
2024-04-25 07:00,794.6
2024-04-25 08:00,904.9
2024-04-25 09:00,984.2
2024-04-25 10:00,1059.0
2024-04-25 11:00,1131.4
2024-04-25 12:00,1187.8
2024-04-25 13:00,1209.4
2024-04-25 14:00,1183.5
2024-04-25 15:00,1102.7
2024-04-25 16:00,1074.9
2024-04-25 17:00,946.1
2024-04-25 18:00,884.7
2024-04-25 19:00,820.6
2024-04-25 20:00,790.8
2024-04-25 21:00,741.9
2024-04-25 22:00,796.7
2024-04-25 23:00,800.6
2024-04-26 00:00,816.1
2024-04-26 01:00,830.4
2024-04-26 02:00,787.8
2024-04-26 03:00,732.3
2024-04-26 04:00,780.9
2024-04-26 05:00,794.5
2024-04-26 06:00,806.9
2024-04-26 07:00,816.3
2024-04-26 08:00,888.9
2024-04-26 09:00,977.9
2024-04-26 10:00,1027.9
2024-04-26 11:00,1126.4
2024-04-26 12:00,1180.7
2024-04-26 13:00,1239.8
2024-04-26 14:00,1180.4
2024-04-26 15:00,1166.6
2024-04-26 16:00,1060.6
2024-04-26 17:00,942.5
2024-04-26 18:00,930.3
2024-04-26 19:00,808.3
2024-04-26 20:00,797.0
2024-04-26 21:00,801.5
2024-04-26 22:00,765.2
2024-04-26 23:00,766.4
2024-04-27 00:00,708.5
2024-04-27 01:00,695.5
2024-04-27 02:00,667.6
2024-04-27 03:00,658.7
2024-04-27 04:00,659.2
2024-04-27 05:00,680.1
2024-04-27 06:00,670.5
2024-04-27 07:00,721.8
2024-04-27 08:00,795.2
2024-04-27 09:00,859.1
2024-04-27 10:00,937.4
2024-04-27 11:00,1000.7
2024-04-27 12:00,995.8
2024-04-27 13:00,1063.2
2024-04-27 14:00,1030.6
2024-04-27 15:00,976.2
2024-04-27 16:00,891.9
2024-04-27 17:00,807.4
2024-04-27 18:00,745.3
2024-04-27 19:00,709.4
2024-04-27 20:00,654.3
2024-04-27 21:00,647.8
2024-04-27 22:00,654.8
2024-04-27 23:00,689.8
2024-04-28 00:00,684.0
2024-04-28 01:00,691.3
2024-04-28 02:00,713.1
2024-04-28 03:00,671.9
2024-04-28 04:00,676.6
2024-04-28 05:00,643.3
2024-04-28 06:00,681.2
2024-04-28 07:00,711.7
2024-04-28 08:00,768.2
2024-04-28 09:00,827.3
2024-04-28 10:00,892.5
2024-04-28 11:00,972.6
2024-04-28 12:00,1015.7
2024-04-28 13:00,1059.2
2024-04-28 14:00,1040.4
2024-04-28 15:00,956.2
2024-04-28 16:00,922.2
2024-04-28 17:00,826.9
2024-04-28 18:00,773.1
2024-04-28 19:00,700.7
2024-04-28 20:00,648.5
2024-04-28 21:00,680.3
2024-04-28 22:00,673.7
2024-04-28 23:00,655.3
2024-04-29 00:00,767.0
2024-04-29 01:00,796.8
2024-04-29 02:00,779.7
2024-04-29 03:00,781.0
2024-04-29 04:00,784.9
2024-04-29 05:00,796.1
2024-04-29 06:00,778.3
2024-04-29 07:00,849.4
2024-04-29 08:00,910.0
2024-04-29 09:00,963.3
2024-04-29 10:00,1028.6
2024-04-29 11:00,1151.8
2024-04-29 12:00,1201.1
2024-04-29 13:00,1251.6
2024-04-29 14:00,1215.8
2024-04-29 15:00,1150.5
2024-04-29 16:00,1088.9
2024-04-29 17:00,952.1
2024-04-29 18:00,892.3
2024-04-29 19:00,819.5
2024-04-29 20:00,815.9
2024-04-29 21:00,779.6
2024-04-29 22:00,718.4
2024-04-29 23:00,811.9
2024-04-30 00:00,784.3
2024-04-30 01:00,820.0
2024-04-30 02:00,792.0
2024-04-30 03:00,791.6
2024-04-30 04:00,784.9
2024-04-30 05:00,772.9
2024-04-30 06:00,767.3
2024-04-30 07:00,849.5
2024-04-30 08:00,895.8
2024-04-30 09:00,970.5
2024-04-30 10:00,1071.0
2024-04-30 11:00,1126.4
2024-04-30 12:00,1223.6
2024-04-30 13:00,1212.8
2024-04-30 14:00,1196.2
2024-04-30 15:00,1142.2
2024-04-30 16:00,1041.7
2024-04-30 17:00,949.5
2024-04-30 18:00,892.5
2024-04-30 19:00,830.5
2024-04-30 20:00,808.5
2024-04-30 21:00,777.3
2024-04-30 22:00,753.6
2024-04-30 23:00,796.5
