date,visits
2024-01-01,3922
2024-01-02,4053
2024-01-03,4123
2024-01-04,3810
2024-01-05,4157
2024-01-06,2917
2024-01-07,2995
2024-01-08,4055
2024-01-09,4239
2024-01-10,3817
2024-01-11,4371
2024-01-12,4248
2024-01-13,2795
2024-01-14,2977
2024-01-15,4090
2024-01-16,3666
2024-01-17,4121
2024-01-18,3885
2024-01-19,3950
2024-01-20,2795
2024-01-21,2819
2024-01-22,4014
2024-01-23,4019
2024-01-24,3700
2024-01-25,3947
2024-01-26,3740
2024-01-27,2703
2024-01-28,2830
2024-01-29,4175
2024-01-30,4128
2024-01-31,3881
2024-02-01,3860
2024-02-02,3838
2024-02-03,2901
2024-02-04,3018
2024-02-05,4004
2024-02-06,4141
2024-02-07,4064
2024-02-08,4312
2024-02-09,3618
2024-02-10,2589
2024-02-11,2852
2024-02-12,4129
2024-02-13,3919
2024-02-14,4086
2024-02-15,3772
2024-02-16,3756
2024-02-17,2779
2024-02-18,3004
2024-02-19,4142
2024-02-20,3860
2024-02-21,4036
2024-02-22,3873
2024-02-23,4004
2024-02-24,2724
2024-02-25,2873
2024-02-26,3856
2024-02-27,3991
2024-02-28,3872
2024-02-29,3839
2024-03-01,4023
2024-03-02,2832
2024-03-03,2883
2024-03-04,3917
2024-03-05,4125
2024-03-06,3840
2024-03-07,4157
2024-03-08,4275
2024-03-09,2842
2024-03-10,3143
2024-03-11,4427
2024-03-12,4090
2024-03-13,3737
2024-03-14,9593
2024-03-15,3965
2024-03-16,3147
2024-03-17,2964
2024-03-18,4155
2024-03-19,3950
2024-03-20,3854
2024-03-21,4075
2024-03-22,3784
2024-03-23,2852
2024-03-24,2955
2024-03-25,4007
2024-03-26,4106
2024-03-27,3912
2024-03-28,4121
2024-03-29,4082
2024-03-30,2652
2024-03-31,2734
2024-04-01,3858
2024-04-02,4133
2024-04-03,4061
2024-04-04,4057
2024-04-05,4035
2024-04-06,2973
2024-04-07,3019
2024-04-08,3891
2024-04-09,3694
2024-04-10,4136
2024-04-11,3958
2024-04-12,4010
2024-04-13,2855
2024-04-14,2724
2024-04-15,3709
2024-04-16,4198
2024-04-17,4225
2024-04-18,4191
2024-04-19,4042
2024-04-20,2919
2024-04-21,2820
2024-04-22,4014
2024-04-23,3920
2024-04-24,3893
2024-04-25,4041
2024-04-26,4354
2024-04-27,2621
2024-04-28,2968
2024-04-29,4137
2024-04-30,3764
2024-05-01,4063
2024-05-02,4020
2024-05-03,3908
2024-05-04,2809
2024-05-05,2684
2024-05-06,4356
2024-05-07,4498
2024-05-08,4330
2024-05-09,3943
2024-05-10,4058
2024-05-11,2935
2024-05-12,2765
2024-05-13,3949
2024-05-14,4108
2024-05-15,3917
2024-05-16,3663
2024-05-17,3754
2024-05-18,2917
2024-05-19,2832
2024-05-20,3941
2024-05-21,4281
2024-05-22,4017
2024-05-23,3859
2024-05-24,3987
2024-05-25,3208
2024-05-26,2722
2024-05-27,4374
2024-05-28,4299
2024-05-29,3968
2024-05-30,3933
2024-05-31,4294
2024-06-01,2915
2024-06-02,2805
2024-06-03,4382
2024-06-04,4035
2024-06-05,4067
2024-06-06,4008
2024-06-07,3940
2024-06-08,2898
2024-06-09,2827
2024-06-10,4103
2024-06-11,4217
2024-06-12,4223
2024-06-13,4246
2024-06-14,4311
2024-06-15,2992
2024-06-16,2794
2024-06-17,4197
2024-06-18,3683
2024-06-19,3860
2024-06-20,8929
2024-06-21,3677
2024-06-22,3100
2024-06-23,2737
2024-06-24,3711
2024-06-25,3851
2024-06-26,3850
2024-06-27,3995
2024-06-28,3969
2024-06-29,3032
2024-06-30,2856
2024-07-01,4035
2024-07-02,3807
2024-07-03,4101
2024-07-04,3848
2024-07-05,3629
2024-07-06,3074
2024-07-07,2732
2024-07-08,3788
2024-07-09,3828
2024-07-10,4132
2024-07-11,3707
2024-07-12,3921
2024-07-13,2964
2024-07-14,3167
2024-07-15,3942
2024-07-16,4011
2024-07-17,3830
2024-07-18,4417
2024-07-19,3972
2024-07-20,2871
2024-07-21,2901
2024-07-22,3821
2024-07-23,3998
2024-07-24,3756
2024-07-25,4309
2024-07-26,3970
2024-07-27,2856
2024-07-28,3053
2024-07-29,3764
2024-07-30,4290
2024-07-31,4316
2024-08-01,3849
2024-08-02,4141
2024-08-03,2866
2024-08-04,3010
2024-08-05,4008
2024-08-06,3824
2024-08-07,4128
2024-08-08,3957
2024-08-09,4036
2024-08-10,3024
2024-08-11,3060
2024-08-12,4128
2024-08-13,3726
2024-08-14,4141
2024-08-15,3940
2024-08-16,4220
2024-08-17,2852
2024-08-18,3093
2024-08-19,4104
2024-08-20,4000
2024-08-21,4059
2024-08-22,3662
2024-08-23,4116
2024-08-24,2897
2024-08-25,2726
2024-08-26,4082
2024-08-27,4064
2024-08-28,4072
2024-08-29,3977
2024-08-30,4161
2024-08-31,2998
2024-09-01,2894
2024-09-02,5184
2024-09-03,5083
2024-09-04,5048
2024-09-05,5362
2024-09-06,5060
2024-09-07,3489
2024-09-08,3790
2024-09-09,5496
2024-09-10,5129
2024-09-11,5431
2024-09-12,5327
2024-09-13,4944
2024-09-14,3805
2024-09-15,3724
2024-09-16,5380
2024-09-17,4524
2024-09-18,5421
2024-09-19,5396
2024-09-20,4965
2024-09-21,3950
2024-09-22,3716
2024-09-23,5248
2024-09-24,5430
2024-09-25,5562
2024-09-26,5245
2024-09-27,5382
2024-09-28,3828
2024-09-29,3611
2024-09-30,5646
2024-10-01,5407
2024-10-02,5241
2024-10-03,5490
2024-10-04,5346
2024-10-05,3644
2024-10-06,3939
2024-10-07,5220
2024-10-08,140
2024-10-09,5459
2024-10-10,5457
2024-10-11,5718
2024-10-12,3785
2024-10-13,3717
2024-10-14,5020
2024-10-15,5046
2024-10-16,5383
2024-10-17,5319
2024-10-18,4987
2024-10-19,3637
2024-10-20,3668
2024-10-21,5630
2024-10-22,4972
2024-10-23,5304
2024-10-24,4803
2024-10-25,5151
2024-10-26,4020
2024-10-27,3524
2024-10-28,5519
2024-10-29,4741
2024-10-30,5225
2024-10-31,4931
2024-11-01,5205
2024-11-02,3706
2024-11-03,3907
2024-11-04,5281
2024-11-05,5254
2024-11-06,5071
2024-11-07,5328
2024-11-08,5006
2024-11-09,3633
2024-11-10,3636
2024-11-11,5360
2024-11-12,5833
2024-11-13,5193
2024-11-14,5735
2024-11-15,4952
2024-11-16,3641
2024-11-17,3850
2024-11-18,5371
2024-11-19,5413
2024-11-20,5638
2024-11-21,5158
2024-11-22,5501
2024-11-23,3799
2024-11-24,3258
2024-11-25,4959
2024-11-26,5076
2024-11-27,5241
2024-11-28,5352
2024-11-29,5141
2024-11-30,4007
2024-12-01,3575
2024-12-02,5206
2024-12-03,5457
2024-12-04,4928
2024-12-05,5549
2024-12-06,5466
2024-12-07,3723
2024-12-08,3754
2024-12-09,5190
2024-12-10,5218
2024-12-11,5547
2024-12-12,5348
2024-12-13,4866
2024-12-14,3475
2024-12-15,3867
2024-12-16,4571
2024-12-17,4817
2024-12-18,5054
2024-12-19,5204
2024-12-20,5573
2024-12-21,3784
2024-12-22,4470
2024-12-23,5265
2024-12-24,5437
2024-12-25,5480
2024-12-26,5181
2024-12-27,5462
2024-12-28,3864
2024-12-29,3795
2024-12-30,5047
2024-12-31,5099
