date,a,b
2023-01-02,100.35,48.63
2023-01-03,101.17,50.81
2023-01-04,101.5,49.42
2023-01-05,100.19,48.34
2023-01-06,101.1,47.14
2023-01-09,101.55,48.25
2023-01-10,101.01,47.36
2023-01-11,101.59,48.03
2023-01-12,101.95,48.62
2023-01-13,102.25,48.88
2023-01-16,102.28,47.57
2023-01-17,102.82,46.96
2023-01-18,102.09,48.63
2023-01-19,101.92,47.34
2023-01-20,101.44,46.51
2023-01-23,102.04,46.35
2023-01-24,102.08,47.16
2023-01-25,101.79,47.41
2023-01-26,101.01,48.15
2023-01-27,100.75,47.08
2023-01-30,100.76,48.03
2023-01-31,100.48,48.6
2023-02-01,101.78,47.0
2023-02-02,102.78,48.54
2023-02-03,100.07,50.83
2023-02-06,98.18,50.06
2023-02-07,98.01,50.12
2023-02-08,97.59,51.52
2023-02-09,97.8,50.04
2023-02-10,98.02,48.05
2023-02-13,100.13,46.75
2023-02-14,99.02,46.18
2023-02-15,98.65,45.6
2023-02-16,100.69,46.21
2023-02-17,101.33,46.48
2023-02-20,102.0,45.23
2023-02-21,101.48,45.8
2023-02-22,99.84,47.68
2023-02-23,100.0,48.87
2023-02-24,100.11,49.86
2023-02-27,98.88,49.88
2023-02-28,98.2,50.87
2023-03-01,98.13,49.9
2023-03-02,97.18,50.65
2023-03-03,97.09,50.57
2023-03-06,97.18,51.7
2023-03-07,97.22,52.16
2023-03-08,96.71,51.07
2023-03-09,97.3,51.2
2023-03-10,98.2,52.42
2023-03-13,98.52,51.29
2023-03-14,97.7,50.73
2023-03-15,98.43,49.96
2023-03-16,97.93,48.47
2023-03-17,98.81,49.43
2023-03-20,97.74,50.74
2023-03-21,98.65,51.54
2023-03-22,98.63,51.78
2023-03-23,97.38,51.73
2023-03-24,97.07,51.97
2023-03-27,97.12,51.24
2023-03-28,97.39,52.13
2023-03-29,96.41,53.18
2023-03-30,95.31,54.11
2023-03-31,95.5,53.58
2023-04-03,95.04,53.66
2023-04-04,95.27,53.49
2023-04-05,96.03,55.28
2023-04-06,94.38,55.46
2023-04-07,94.64,53.58
2023-04-10,95.86,53.97
2023-04-11,95.57,55.86
2023-04-12,94.76,56.54
2023-04-13,95.51,57.42
2023-04-14,95.76,57.46
2023-04-17,96.66,55.49
2023-04-18,96.31,53.68
2023-04-19,94.83,52.43
2023-04-20,94.72,52.3
2023-04-21,94.27,52.61
2023-04-24,95.05,53.3
2023-04-25,95.24,52.96
2023-04-26,93.61,53.92
2023-04-27,92.42,53.64
2023-04-28,93.3,52.93
2023-05-01,93.98,53.79
2023-05-02,93.34,52.87
2023-05-03,93.34,50.14
2023-05-04,93.78,49.08
2023-05-05,94.25,49.18
2023-05-08,95.13,46.1
2023-05-09,95.39,45.74
2023-05-10,95.29,45.41
2023-05-11,95.03,43.98
2023-05-12,96.09,42.5
2023-05-15,93.84,42.04
2023-05-16,93.7,41.49
2023-05-17,93.73,42.75
2023-05-18,92.31,43.12
2023-05-19,92.64,41.54
2023-05-22,91.99,40.69
2023-05-23,92.85,41.39
2023-05-24,92.72,43.29
2023-05-25,93.39,43.68
2023-05-26,94.61,43.99
2023-05-29,95.0,45.85
2023-05-30,94.12,45.82
2023-05-31,92.61,45.52
2023-06-01,94.36,44.1
2023-06-02,94.25,43.59
2023-06-05,93.56,45.77
2023-06-06,93.7,44.35
2023-06-07,93.51,44.36
2023-06-08,94.36,42.95
2023-06-09,94.4,43.08
2023-06-12,94.41,43.97
2023-06-13,93.7,43.72
2023-06-14,94.17,44.45
2023-06-15,93.13,45.17
2023-06-16,93.8,45.62
2023-06-19,95.32,47.34
2023-06-20,93.8,48.12
2023-06-21,91.33,47.81
2023-06-22,91.95,47.13
2023-06-23,94.5,46.28
2023-06-26,93.5,46.76
2023-06-27,92.24,46.44
2023-06-28,92.83,49.17
2023-06-29,91.99,51.01
2023-06-30,91.49,50.79
2023-07-03,91.14,50.46
2023-07-04,91.67,52.15
2023-07-05,91.27,50.27
2023-07-06,91.54,49.82
2023-07-07,91.37,50.77
2023-07-10,90.52,49.86
2023-07-11,90.2,49.38
2023-07-12,89.25,49.03
2023-07-13,89.26,49.69
2023-07-14,88.13,49.83
2023-07-17,87.04,50.23
2023-07-18,88.5,50.83
2023-07-19,88.45,50.86
2023-07-20,88.39,51.97
2023-07-21,88.9,51.24
2023-07-24,88.48,49.8
2023-07-25,88.25,48.02
2023-07-26,88.68,46.4
2023-07-27,88.96,45.85
2023-07-28,87.8,46.88
2023-07-31,88.64,47.06
2023-08-01,88.04,46.46
2023-08-02,86.99,45.39
2023-08-03,86.09,44.86
2023-08-04,85.7,44.46
2023-08-07,87.33,43.89
2023-08-08,86.15,42.46
2023-08-09,86.31,41.98
2023-08-10,84.17,43.0
2023-08-11,84.17,40.83
2023-08-14,85.07,40.58
2023-08-15,84.83,38.46
2023-08-16,84.2,38.65
2023-08-17,84.44,37.9
2023-08-18,85.14,35.81
2023-08-21,85.8,35.91
2023-08-22,87.77,37.73
2023-08-23,87.98,37.84
2023-08-24,87.39,39.0
2023-08-25,87.26,38.93
2023-08-28,87.19,36.77
2023-08-29,87.3,37.26
2023-08-30,87.27,36.84
2023-08-31,87.44,35.38
2023-09-01,85.77,36.17
2023-09-04,86.6,36.45
2023-09-05,86.03,35.93
2023-09-06,84.85,36.8
2023-09-07,85.49,35.93
2023-09-08,86.81,36.57
2023-09-11,87.3,35.63
2023-09-12,87.46,36.16
2023-09-13,86.53,35.06
2023-09-14,89.4,36.55
2023-09-15,90.28,36.8
2023-09-18,89.14,38.24
2023-09-19,88.36,37.42
2023-09-20,88.45,36.94
2023-09-21,86.9,37.78
2023-09-22,87.06,35.04
2023-09-25,86.61,33.97
2023-09-26,87.83,35.0
2023-09-27,88.79,35.47
2023-09-28,86.08,36.45
2023-09-29,86.12,36.14
2023-10-02,84.51,36.7
2023-10-03,85.62,35.97
2023-10-04,85.78,34.6
2023-10-05,86.33,32.9
2023-10-06,85.27,32.35
2023-10-09,87.1,31.8
2023-10-10,89.12,31.17
2023-10-11,88.05,27.62
2023-10-12,88.42,25.62
2023-10-13,87.75,25.09
2023-10-16,87.73,25.38
2023-10-17,86.46,24.8
2023-10-18,88.33,23.92
2023-10-19,87.36,21.61
2023-10-20,87.06,23.64
2023-10-23,87.56,22.54
2023-10-24,86.92,24.22
2023-10-25,86.68,25.78
2023-10-26,86.11,26.05
2023-10-27,85.98,25.48
2023-10-30,84.81,25.61
2023-10-31,84.37,24.46
2023-11-01,84.17,24.72
2023-11-02,83.83,24.72
2023-11-03,83.89,25.26
2023-11-06,83.6,26.21
2023-11-07,84.35,27.94
2023-11-08,84.03,27.55
2023-11-09,83.89,28.59
2023-11-10,83.22,27.8
2023-11-13,82.7,26.91
2023-11-14,81.43,26.29
2023-11-15,81.95,25.31
2023-11-16,80.81,26.29
2023-11-17,80.06,27.21
2023-11-20,80.42,28.48
2023-11-21,80.83,28.46
2023-11-22,80.43,28.73
2023-11-23,78.41,28.15
2023-11-24,78.83,27.0
2023-11-27,79.09,27.45
2023-11-28,77.67,27.72
2023-11-29,78.44,26.61
2023-11-30,77.74,27.2
2023-12-01,76.62,25.46
2023-12-04,76.71,25.28
2023-12-05,76.53,24.65
2023-12-06,76.74,24.12
2023-12-07,75.13,23.03
2023-12-08,76.94,23.99
2023-12-11,76.34,24.55
2023-12-12,74.8,25.73
2023-12-13,75.42,25.87
2023-12-14,75.06,24.57
2023-12-15,75.39,24.19
2023-12-18,75.05,23.0
2023-12-19,74.99,23.44
2023-12-20,75.24,24.64
2023-12-21,74.49,24.96
2023-12-22,75.17,24.35
2023-12-25,74.7,23.96
2023-12-26,73.83,24.15
2023-12-27,73.91,22.69
2023-12-28,74.35,22.83
2023-12-29,74.12,23.01
2024-01-01,73.26,22.45
2024-01-02,73.88,22.02
2024-01-03,72.12,22.17
2024-01-04,71.09,21.33
2024-01-05,71.13,20.49
2024-01-08,69.77,21.25
2024-01-09,69.79,21.45
2024-01-10,69.74,23.11
2024-01-11,70.64,22.11
2024-01-12,69.72,20.3
2024-01-15,69.1,21.22
2024-01-16,69.43,22.16
2024-01-17,66.97,21.4
2024-01-18,70.07,19.9
2024-01-19,69.37,19.83
2024-01-22,68.64,18.05
2024-01-23,69.51,17.68
2024-01-24,69.47,15.47
2024-01-25,67.69,15.2
2024-01-26,68.31,13.05
2024-01-29,69.17,12.78
2024-01-30,68.72,14.27
2024-01-31,68.44,13.97
2024-02-01,68.92,14.7
2024-02-02,68.01,14.03
2024-02-05,68.45,13.1
2024-02-06,68.65,11.56
2024-02-07,67.98,12.57
2024-02-08,66.58,12.47
2024-02-09,66.36,14.05
2024-02-12,65.48,12.83
2024-02-13,66.49,12.57
2024-02-14,66.63,12.6
2024-02-15,67.41,13.97
2024-02-16,67.55,15.75
2024-02-19,67.81,15.05
2024-02-20,67.03,13.87
2024-02-21,67.69,12.09
2024-02-22,69.48,13.38
2024-02-23,69.17,13.24
2024-02-26,68.58,12.54
2024-02-27,68.42,12.44
2024-02-28,67.94,9.83
2024-02-29,67.24,8.06
2024-03-01,67.37,8.94
2024-03-04,67.08,9.28
2024-03-05,68.52,9.38
2024-03-06,68.52,8.33
2024-03-07,68.85,8.86
2024-03-08,69.8,10.59
2024-03-11,69.5,9.31
2024-03-12,70.93,9.27
2024-03-13,70.3,8.79
2024-03-14,69.49,9.09
2024-03-15,69.13,9.05
2024-03-18,69.01,8.85
2024-03-19,67.61,7.92
2024-03-20,67.58,7.85
2024-03-21,65.91,7.18
2024-03-22,67.3,6.98
2024-03-25,67.22,6.86
2024-03-26,66.58,7.46
2024-03-27,65.67,6.83
2024-03-28,65.28,6.45
2024-03-29,65.06,7.47
2024-04-01,64.02,7.19
2024-04-02,63.1,6.88
2024-04-03,62.91,7.69
2024-04-04,62.39,7.91
2024-04-05,63.33,7.94
2024-04-08,64.47,8.11
2024-04-09,64.48,6.82
2024-04-10,64.96,7.23
2024-04-11,63.62,8.5
2024-04-12,64.26,9.03
2024-04-15,64.23,7.42
2024-04-16,64.71,7.66
2024-04-17,66.31,6.71
2024-04-18,64.03,6.43
2024-04-19,64.29,6.52
2024-04-22,63.19,5.28
2024-04-23,63.79,6.57
2024-04-24,62.47,6.46
2024-04-25,61.98,7.21
2024-04-26,62.18,7.8
2024-04-29,62.79,9.11
2024-04-30,62.87,10.26
2024-05-01,62.07,8.75
2024-05-02,61.52,8.75
2024-05-03,62.41,6.58
2024-05-06,62.4,6.09
2024-05-07,60.72,6.77
2024-05-08,61.56,7.65
2024-05-09,61.98,8.9
2024-05-10,62.85,8.49
2024-05-13,62.51,8.78
2024-05-14,63.34,8.84
2024-05-15,62.28,10.08
2024-05-16,62.85,11.63
2024-05-17,62.36,11.24
2024-05-20,63.03,14.99
2024-05-21,64.04,14.96
2024-05-22,63.3,14.56
2024-05-23,63.25,15.12
2024-05-24,63.29,15.85
2024-05-27,64.48,16.37
2024-05-28,65.19,15.69
2024-05-29,63.97,17.13
2024-05-30,64.43,17.16
2024-05-31,65.18,18.67
2024-06-03,67.3,20.03
2024-06-04,65.62,18.74
2024-06-05,65.08,17.73
2024-06-06,66.42,16.71
2024-06-07,65.06,16.93
2024-06-10,63.86,16.97
2024-06-11,64.38,17.21
2024-06-12,65.4,16.38
2024-06-13,64.73,16.79
2024-06-14,65.27,18.17
2024-06-17,65.39,16.82
2024-06-18,66.91,16.61
2024-06-19,66.9,16.84
2024-06-20,67.89,16.69
2024-06-21,66.99,16.48
2024-06-24,66.81,18.23
2024-06-25,66.71,19.5
2024-06-26,67.85,20.33
2024-06-27,68.43,19.55
2024-06-28,67.68,21.78
2024-07-01,68.36,22.12
2024-07-02,69.13,21.53
2024-07-03,69.02,21.18
2024-07-04,68.76,20.67
2024-07-05,68.57,22.78
2024-07-08,66.87,22.97
2024-07-09,67.06,23.02
2024-07-10,67.29,20.85
2024-07-11,66.43,21.58
2024-07-12,67.17,20.51
2024-07-15,65.8,19.36
2024-07-16,65.25,19.96
2024-07-17,64.77,19.09
2024-07-18,66.76,19.91
2024-07-19,65.16,21.02
2024-07-22,65.72,19.22
2024-07-23,66.66,19.07
2024-07-24,67.04,17.48
2024-07-25,68.22,17.4
2024-07-26,67.22,18.3
2024-07-29,64.94,16.93
2024-07-30,65.71,18.72
2024-07-31,64.51,18.39
2024-08-01,64.19,17.19
2024-08-02,63.01,17.05
2024-08-05,64.06,17.83
2024-08-06,64.92,16.44
2024-08-07,64.2,16.42
2024-08-08,65.11,15.03
2024-08-09,65.23,16.22
2024-08-12,65.09,16.36
2024-08-13,65.15,15.92
2024-08-14,64.94,16.93
2024-08-15,65.56,15.63
2024-08-16,65.87,15.22
2024-08-19,65.52,17.04
2024-08-20,66.53,16.9
2024-08-21,65.91,18.24
2024-08-22,66.2,18.41
2024-08-23,66.62,17.69
2024-08-26,68.1,17.43
2024-08-27,67.6,17.49
2024-08-28,69.34,17.06
2024-08-29,69.52,16.21
2024-08-30,69.32,15.41
2024-09-02,68.65,13.9
2024-09-03,69.24,13.99
2024-09-04,69.28,14.36
2024-09-05,68.18,15.09
2024-09-06,67.05,13.26
2024-09-09,66.5,14.05
2024-09-10,65.82,14.01
2024-09-11,66.91,12.56
2024-09-12,68.29,12.63
2024-09-13,69.16,13.43
2024-09-16,69.51,13.93
2024-09-17,69.09,14.63
2024-09-18,69.14,15.55
2024-09-19,70.03,16.43
2024-09-20,72.16,16.37
2024-09-23,73.07,14.27
2024-09-24,72.79,13.49
2024-09-25,72.83,13.82
2024-09-26,72.34,13.33
2024-09-27,71.56,13.99
2024-09-30,71.38,14.77
2024-10-01,71.57,14.8
2024-10-02,73.41,16.66
2024-10-03,73.46,15.66
2024-10-04,74.82,16.57
2024-10-07,76.59,16.08
2024-10-08,76.66,15.28
2024-10-09,78.27,15.85
2024-10-10,78.99,15.21
2024-10-11,78.57,16.05
2024-10-14,78.84,14.87
2024-10-15,78.86,14.88
2024-10-16,78.63,14.02
2024-10-17,78.43,13.76
2024-10-18,78.57,13.37
2024-10-21,79.01,12.22
2024-10-22,78.12,12.86
2024-10-23,78.11,11.6
2024-10-24,76.59,10.6
2024-10-25,76.85,11.47
2024-10-28,77.47,12.42
2024-10-29,77.64,13.07
2024-10-30,77.92,13.4
2024-10-31,78.51,15.66
2024-11-01,77.85,14.43
2024-11-04,77.61,13.67
2024-11-05,78.12,12.66
2024-11-06,79.12,13.54
2024-11-07,79.52,13.81
2024-11-08,82.07,14.9
2024-11-11,81.98,15.86
2024-11-12,82.98,15.62
2024-11-13,84.24,14.78
2024-11-14,84.11,13.77
2024-11-15,83.29,15.97
2024-11-18,82.11,16.92
2024-11-19,82.27,17.5
2024-11-20,83.38,17.14
2024-11-21,83.65,16.93
2024-11-22,83.82,16.57
2024-11-25,83.45,16.23
2024-11-26,84.01,13.81
2024-11-27,81.87,13.74
2024-11-28,82.1,13.34
2024-11-29,82.13,13.62
