date,sales,temp_c,promo,holiday
2022-01-01,46,7.1,0,1
2022-01-02,86,6.1,0,0
2022-01-03,205,8.6,0,0
2022-01-04,176,4.7,0,0
2022-01-05,169,3.2,0,0
2022-01-06,175,2.8,0,0
2022-01-07,177,2.5,0,0
2022-01-08,95,2.2,0,0
2022-01-09,57,2.9,0,0
2022-01-10,158,2.6,0,0
2022-01-11,169,3.4,0,0
2022-01-12,179,5.0,0,0
2022-01-13,184,5.2,0,0
2022-01-14,198,5.5,0,0
2022-01-15,101,4.0,0,0
2022-01-16,68,2.7,0,0
2022-01-17,163,3.0,0,0
2022-01-18,180,5.3,0,0
2022-01-19,183,5.9,0,0
2022-01-20,253,7.5,1,0
2022-01-21,267,8.5,1,0
2022-01-22,187,9.4,1,0
2022-01-23,85,7.0,0,0
2022-01-24,209,8.5,0,0
2022-01-25,211,8.9,0,0
2022-01-26,209,11.2,0,0
2022-01-27,212,10.5,0,0
2022-01-28,213,9.6,0,0
2022-01-29,133,8.2,0,0
2022-01-30,91,7.7,0,0
2022-01-31,165,4.5,0,0
2022-02-01,184,4.5,0,0
2022-02-02,166,4.9,0,0
2022-02-03,175,6.8,0,0
2022-02-04,180,5.5,0,0
2022-02-05,105,5.9,0,0
2022-02-06,91,8.8,0,0
2022-02-07,184,7.2,0,0
2022-02-08,204,8.2,0,0
2022-02-09,180,6.8,0,0
2022-02-10,215,6.5,0,0
2022-02-11,218,7.2,0,0
2022-02-12,129,8.4,0,0
2022-02-13,83,7.1,0,0
2022-02-14,170,5.3,0,0
2022-02-15,173,8.1,0,0
2022-02-16,190,8.0,0,0
2022-02-17,194,9.0,0,0
2022-02-18,206,9.8,0,0
2022-02-19,125,10.2,0,0
2022-02-20,86,8.9,0,0
2022-02-21,187,8.2,0,0
2022-02-22,168,5.5,0,0
2022-02-23,195,6.3,0,0
2022-02-24,182,6.0,0,0
2022-02-25,190,6.4,0,0
2022-02-26,133,9.8,0,0
2022-02-27,110,10.3,0,0
2022-02-28,205,9.7,0,0
2022-03-01,192,7.0,0,0
2022-03-02,206,8.5,0,0
2022-03-03,271,10.9,1,0
2022-03-04,254,8.8,1,0
2022-03-05,186,9.4,1,0
2022-03-06,91,8.4,0,0
2022-03-07,181,8.3,0,0
2022-03-08,188,7.9,0,0
2022-03-09,177,5.7,0,0
2022-03-10,189,5.9,0,0
2022-03-11,190,4.4,0,0
2022-03-12,124,8.1,0,0
2022-03-13,106,10.2,0,0
2022-03-14,203,10.1,0,0
2022-03-15,195,10.5,0,0
2022-03-16,218,10.4,0,0
2022-03-17,219,10.6,0,0
2022-03-18,223,10.8,0,0
2022-03-19,148,10.3,0,0
2022-03-20,96,10.1,0,0
2022-03-21,182,8.2,0,0
2022-03-22,196,7.4,0,0
2022-03-23,179,7.5,0,0
2022-03-24,192,8.9,0,0
2022-03-25,221,9.0,0,0
2022-03-26,163,12.8,0,0
2022-03-27,112,12.1,0,0
2022-03-28,209,11.4,0,0
2022-03-29,225,12.2,0,0
2022-03-30,225,13.8,0,0
2022-03-31,245,16.2,0,0
2022-04-01,258,16.6,0,0
2022-04-02,165,14.5,0,0
2022-04-03,140,13.7,0,0
2022-04-04,239,15.1,0,0
2022-04-05,236,14.8,0,0
2022-04-06,243,15.6,0,0
2022-04-07,286,14.8,1,0
2022-04-08,297,16.9,1,0
2022-04-09,227,18.2,1,0
2022-04-10,145,18.7,0,0
2022-04-11,258,17.5,0,0
2022-04-12,255,14.0,0,0
2022-04-13,228,12.0,0,0
2022-04-14,210,13.2,0,0
2022-04-15,233,14.7,0,0
2022-04-16,141,10.2,0,0
2022-04-17,105,10.9,0,0
2022-04-18,230,14.0,0,0
2022-04-19,248,15.9,0,0
2022-04-20,235,15.0,0,0
2022-04-21,245,16.2,0,0
2022-04-22,243,16.1,0,0
2022-04-23,89,15.8,0,1
2022-04-24,134,17.6,0,0
2022-04-25,243,19.0,0,0
2022-04-26,257,17.4,0,0
2022-04-27,243,15.7,0,0
2022-04-28,247,14.0,0,0
2022-04-29,243,12.7,0,0
2022-04-30,164,16.1,0,0
2022-05-01,78,19.4,0,1
2022-05-02,174,19.2,0,1
2022-05-03,177,20.4,0,1
2022-05-04,172,18.5,0,1
2022-05-05,267,18.3,0,0
2022-05-06,287,19.6,0,0
2022-05-07,197,19.7,0,0
2022-05-08,153,19.3,0,0
2022-05-09,238,16.5,0,0
2022-05-10,238,14.9,0,0
2022-05-11,254,15.5,0,0
2022-05-12,295,15.7,1,0
2022-05-13,297,16.6,1,0
2022-05-14,220,16.4,1,0
2022-05-15,126,17.0,0,0
2022-05-16,238,17.9,0,0
2022-05-17,260,19.3,0,0
2022-05-18,247,19.6,0,0
2022-05-19,189,18.9,0,1
2022-05-20,264,18.8,0,0
2022-05-21,196,20.7,0,0
2022-05-22,159,20.3,0,0
2022-05-23,251,18.9,0,0
2022-05-24,251,17.9,0,0
2022-05-25,256,19.2,0,0
2022-05-26,253,20.6,0,0
2022-05-27,290,22.7,0,0
2022-05-28,205,21.8,0,0
2022-05-29,187,23.8,0,0
2022-05-30,279,22.6,0,0
2022-05-31,288,21.9,0,0
2022-06-01,278,21.0,0,0
2022-06-02,280,22.1,0,0
2022-06-03,320,23.7,0,0
2022-06-04,238,23.1,0,0
2022-06-05,193,22.1,0,0
2022-06-06,278,19.7,0,0
2022-06-07,290,20.8,0,0
2022-06-08,262,20.8,0,0
2022-06-09,267,21.0,0,0
2022-06-10,277,20.5,0,0
2022-06-11,200,19.8,0,0
2022-06-12,160,20.1,0,0
2022-06-13,269,21.6,0,0
2022-06-14,275,23.6,0,0
2022-06-15,279,23.4,0,0
2022-06-16,272,23.9,0,0
2022-06-17,282,23.4,0,0
2022-06-18,223,23.2,0,0
2022-06-19,162,21.2,0,0
2022-06-20,281,23.2,0,0
2022-06-21,278,24.3,0,0
2022-06-22,288,26.4,0,0
2022-06-23,359,24.6,1,0
2022-06-24,349,24.6,1,0
2022-06-25,260,22.9,1,0
2022-06-26,178,23.6,0,0
2022-06-27,254,23.6,0,0
2022-06-28,278,24.8,0,0
2022-06-29,291,24.3,0,0
2022-06-30,289,25.3,0,0
2022-07-01,283,24.2,0,0
2022-07-02,210,25.2,0,0
2022-07-03,185,24.4,0,0
2022-07-04,272,23.7,0,0
2022-07-05,291,24.1,0,0
2022-07-06,301,24.8,0,0
2022-07-07,272,22.5,0,0
2022-07-08,263,20.7,0,0
2022-07-09,126,22.2,0,1
2022-07-10,92,22.8,0,1
2022-07-11,189,20.2,0,1
2022-07-12,196,18.9,0,1
2022-07-13,264,19.4,0,0
2022-07-14,289,21.5,0,0
2022-07-15,228,22.7,0,1
2022-07-16,231,24.9,0,0
2022-07-17,213,26.6,0,0
2022-07-18,318,29.7,0,0
2022-07-19,304,26.0,0,0
2022-07-20,295,25.5,0,0
2022-07-21,301,26.9,0,0
2022-07-22,313,24.3,0,0
2022-07-23,231,22.2,0,0
2022-07-24,194,23.2,0,0
2022-07-25,308,25.3,0,0
2022-07-26,310,27.1,0,0
2022-07-27,285,23.5,0,0
2022-07-28,288,22.0,0,0
2022-07-29,309,22.6,0,0
2022-07-30,220,22.3,0,0
2022-07-31,190,23.5,0,0
2022-08-01,288,23.9,0,0
2022-08-02,299,26.8,0,0
2022-08-03,283,26.0,0,0
2022-08-04,345,25.7,1,0
2022-08-05,342,25.4,1,0
2022-08-06,293,26.8,1,0
2022-08-07,194,24.2,0,0
2022-08-08,298,24.8,0,0
2022-08-09,298,23.4,0,0
2022-08-10,272,21.3,0,0
2022-08-11,283,23.9,0,0
2022-08-12,313,24.7,0,0
2022-08-13,244,26.6,0,0
2022-08-14,204,26.1,0,0
2022-08-15,308,26.4,0,0
2022-08-16,285,25.8,0,0
2022-08-17,306,26.0,0,0
2022-08-18,302,24.6,0,0
2022-08-19,323,26.9,0,0
2022-08-20,233,24.4,0,0
2022-08-21,226,26.7,0,0
2022-08-22,310,25.3,0,0
2022-08-23,308,26.0,0,0
2022-08-24,295,25.3,0,0
2022-08-25,325,25.2,0,0
2022-08-26,310,26.8,0,0
2022-08-27,226,25.8,0,0
2022-08-28,180,23.3,0,0
2022-08-29,272,23.4,0,0
2022-08-30,204,24.1,0,1
2022-08-31,261,19.7,0,0
2022-09-01,269,22.0,0,0
2022-09-02,288,23.7,0,0
2022-09-03,197,20.4,0,0
2022-09-04,150,20.6,0,0
2022-09-05,264,22.2,0,0
2022-09-06,262,20.2,0,0
2022-09-07,262,19.9,0,0
2022-09-08,314,19.8,1,0
2022-09-09,327,21.1,1,0
2022-09-10,254,22.8,1,0
2022-09-11,165,22.2,0,0
2022-09-12,272,21.8,0,0
2022-09-13,282,22.9,0,0
2022-09-14,285,23.0,0,0
2022-09-15,298,22.1,0,0
2022-09-16,316,23.6,0,0
2022-09-17,205,20.3,0,0
2022-09-18,186,20.4,0,0
2022-09-19,270,19.6,0,0
2022-09-20,277,18.8,0,0
2022-09-21,258,19.3,0,0
2022-09-22,283,19.4,0,0
2022-09-23,303,23.2,0,0
2022-09-24,213,23.0,0,0
2022-09-25,171,22.3,0,0
2022-09-26,260,23.8,0,0
2022-09-27,267,23.8,0,0
2022-09-28,250,19.3,0,0
2022-09-29,277,19.2,0,0
2022-09-30,284,20.0,0,0
2022-10-01,190,18.4,0,0
2022-10-02,169,18.7,0,0
2022-10-03,260,17.7,0,0
2022-10-04,257,18.2,0,0
2022-10-05,237,15.4,0,0
2022-10-06,216,12.8,0,0
2022-10-07,234,13.2,0,0
2022-10-08,147,14.6,0,0
2022-10-09,149,17.3,0,0
2022-10-10,230,16.6,0,0
2022-10-11,236,15.3,0,0
2022-10-12,261,17.0,0,0
2022-10-13,301,16.8,1,0
2022-10-14,323,19.3,1,0
2022-10-15,255,18.1,1,0
2022-10-16,139,14.2,0,0
2022-10-17,239,13.3,0,0
2022-10-18,240,12.3,0,0
2022-10-19,211,10.9,0,0
2022-10-20,224,10.9,0,0
2022-10-21,220,10.9,0,0
2022-10-22,152,11.5,0,0
2022-10-23,122,11.5,0,0
2022-10-24,238,12.9,0,0
2022-10-25,241,13.9,0,0
2022-10-26,243,14.1,0,0
2022-10-27,250,14.3,0,0
2022-10-28,257,11.1,0,0
2022-10-29,81,9.1,0,1
2022-10-30,132,8.9,0,0
2022-10-31,220,10.5,0,0
2022-11-01,204,8.9,0,0
2022-11-02,218,9.4,0,0
2022-11-03,221,10.7,0,0
2022-11-04,252,14.3,0,0
2022-11-05,170,14.1,0,0
2022-11-06,148,12.6,0,0
2022-11-07,259,14.1,0,0
2022-11-08,268,13.7,0,0
2022-11-09,254,12.6,0,0
2022-11-10,253,14.0,0,0
2022-11-11,241,11.7,0,0
2022-11-12,178,11.8,0,0
2022-11-13,123,11.7,0,0
2022-11-14,223,12.8,0,0
2022-11-15,208,10.4,0,0
2022-11-16,215,8.3,0,0
2022-11-17,264,8.3,1,0
2022-11-18,278,8.4,1,0
2022-11-19,208,9.0,1,0
2022-11-20,141,8.6,0,0
2022-11-21,235,9.7,0,0
2022-11-22,210,10.7,0,0
2022-11-23,199,10.7,0,0
2022-11-24,203,8.6,0,0
2022-11-25,241,10.6,0,0
2022-11-26,132,7.7,0,0
2022-11-27,98,7.7,0,0
2022-11-28,196,9.5,0,0
2022-11-29,196,8.3,0,0
2022-11-30,219,10.4,0,0
2022-12-01,237,12.8,0,0
2022-12-02,252,14.0,0,0
2022-12-03,174,12.9,0,0
2022-12-04,134,13.0,0,0
2022-12-05,211,10.7,0,0
2022-12-06,192,10.5,0,0
2022-12-07,199,10.4,0,0
2022-12-08,222,9.7,0,0
2022-12-09,214,9.3,0,0
2022-12-10,129,8.4,0,0
2022-12-11,74,5.0,0,0
2022-12-12,186,6.3,0,0
2022-12-13,202,7.0,0,0
2022-12-14,214,10.3,0,0
2022-12-15,214,10.4,0,0
2022-12-16,226,9.5,0,0
2022-12-17,135,10.1,0,0
2022-12-18,111,10.1,0,0
2022-12-19,198,9.0,0,0
2022-12-20,198,7.7,0,0
2022-12-21,196,5.0,0,0
2022-12-22,207,5.6,0,0
2022-12-23,232,8.4,0,0
2022-12-24,120,4.8,0,0
2022-12-25,80,3.7,0,0
2022-12-26,182,5.7,0,0
2022-12-27,183,6.1,0,0
2022-12-28,192,6.8,0,0
2022-12-29,234,3.6,1,0
2022-12-30,241,3.4,1,0
2022-12-31,168,4.9,1,0
2023-01-01,9,6.1,0,1
2023-01-02,189,6.5,0,0
2023-01-03,191,4.9,0,0
2023-01-04,214,6.0,0,0
2023-01-05,194,4.0,0,0
2023-01-06,202,3.0,0,0
2023-01-07,111,2.0,0,0
2023-01-08,120,5.4,0,0
2023-01-09,206,4.8,0,0
2023-01-10,216,5.1,0,0
2023-01-11,194,1.7,0,0
2023-01-12,196,4.6,0,0
2023-01-13,199,5.6,0,0
2023-01-14,109,3.0,0,0
2023-01-15,58,1.2,0,0
2023-01-16,187,5.1,0,0
2023-01-17,178,3.7,0,0
2023-01-18,200,7.2,0,0
2023-01-19,186,6.0,0,0
2023-01-20,196,1.9,0,0
2023-01-21,116,4.7,0,0
2023-01-22,90,5.8,0,0
2023-01-23,189,6.8,0,0
2023-01-24,193,5.6,0,0
2023-01-25,206,5.3,0,0
2023-01-26,220,6.9,0,0
2023-01-27,195,5.2,0,0
2023-01-28,107,2.2,0,0
2023-01-29,97,4.7,0,0
2023-01-30,199,4.1,0,0
2023-01-31,203,6.6,0,0
2023-02-01,193,5.6,0,0
2023-02-02,180,5.0,0,0
2023-02-03,216,4.9,0,0
2023-02-04,108,1.5,0,0
2023-02-05,86,4.7,0,0
2023-02-06,176,4.1,0,0
2023-02-07,186,4.4,0,0
2023-02-08,213,7.3,0,0
2023-02-09,269,7.2,1,0
2023-02-10,271,8.4,1,0
2023-02-11,180,8.3,1,0
2023-02-12,115,9.0,0,0
2023-02-13,204,8.7,0,0
2023-02-14,234,9.9,0,0
2023-02-15,227,8.6,0,0
2023-02-16,221,8.8,0,0
2023-02-17,230,7.1,0,0
2023-02-18,137,9.0,0,0
2023-02-19,87,4.9,0,0
2023-02-20,194,5.9,0,0
2023-02-21,207,6.9,0,0
2023-02-22,202,7.6,0,0
2023-02-23,211,7.5,0,0
2023-02-24,235,9.7,0,0
2023-02-25,176,12.5,0,0
2023-02-26,122,10.1,0,0
2023-02-27,185,6.4,0,0
2023-02-28,192,5.1,0,0
2023-03-01,181,4.7,0,0
2023-03-02,195,5.5,0,0
2023-03-03,208,6.3,0,0
2023-03-04,168,8.7,0,0
2023-03-05,115,7.9,0,0
2023-03-06,197,8.1,0,0
2023-03-07,203,8.5,0,0
2023-03-08,210,7.2,0,0
2023-03-09,209,7.3,0,0
2023-03-10,259,12.2,0,0
2023-03-11,166,11.2,0,0
2023-03-12,128,9.1,0,0
2023-03-13,210,5.8,0,0
2023-03-14,212,8.6,0,0
2023-03-15,218,8.5,0,0
2023-03-16,211,7.9,0,0
2023-03-17,248,12.5,0,0
2023-03-18,174,14.1,0,0
2023-03-19,124,10.3,0,0
2023-03-20,212,9.8,0,0
2023-03-21,228,11.6,0,0
2023-03-22,229,12.7,0,0
2023-03-23,265,10.4,1,0
2023-03-24,303,13.5,1,0
2023-03-25,230,15.8,1,0
2023-03-26,120,12.7,0,0
2023-03-27,196,9.5,0,0
2023-03-28,200,8.0,0,0
2023-03-29,230,10.2,0,0
2023-03-30,241,12.5,0,0
2023-03-31,252,12.7,0,0
2023-04-01,161,11.6,0,0
2023-04-02,123,11.7,0,0
2023-04-03,233,12.9,0,0
2023-04-04,224,10.9,0,0
2023-04-05,233,8.8,0,0
2023-04-06,237,10.0,0,0
2023-04-07,261,12.9,0,0
2023-04-08,173,13.4,0,0
2023-04-09,138,13.8,0,0
2023-04-10,218,12.7,0,0
2023-04-11,235,14.5,0,0
2023-04-12,215,11.7,0,0
2023-04-13,223,12.3,0,0
2023-04-14,233,12.0,0,0
2023-04-15,144,12.5,0,0
2023-04-16,100,11.7,0,0
2023-04-17,212,13.9,0,0
2023-04-18,240,14.1,0,0
2023-04-19,243,13.5,0,0
2023-04-20,269,14.8,0,0
2023-04-21,199,15.0,0,1
2023-04-22,101,14.3,0,1
2023-04-23,68,13.8,0,1
2023-04-24,246,15.7,0,0
2023-04-25,230,14.4,0,0
2023-04-26,240,14.6,0,0
2023-04-27,250,14.7,0,0
2023-04-28,275,15.8,0,0
2023-04-29,198,15.8,0,0
2023-04-30,166,19.6,0,0
2023-05-01,163,16.0,0,1
2023-05-02,261,17.4,0,0
2023-05-03,265,17.3,0,0
2023-05-04,324,19.2,1,0
2023-05-05,313,16.1,1,0
2023-05-06,257,18.6,1,0
2023-05-07,167,16.2,0,0
2023-05-08,262,17.9,0,0
2023-05-09,267,18.9,0,0
2023-05-10,269,18.8,0,0
2023-05-11,259,17.6,0,0
2023-05-12,260,16.6,0,0
2023-05-13,203,17.5,0,0
2023-05-14,171,16.8,0,0
2023-05-15,247,14.4,0,0
2023-05-16,242,13.0,0,0
2023-05-17,273,16.2,0,0
2023-05-18,276,18.6,0,0
2023-05-19,205,19.8,0,1
2023-05-20,212,19.9,0,0
2023-05-21,183,20.6,0,0
2023-05-22,270,21.3,0,0
2023-05-23,284,21.4,0,0
2023-05-24,273,19.9,0,0
2023-05-25,274,19.0,0,0
2023-05-26,294,17.7,0,0
2023-05-27,211,18.9,0,0
2023-05-28,164,18.0,0,0
2023-05-29,256,18.7,0,0
2023-05-30,288,21.6,0,0
2023-05-31,283,20.9,0,0
2023-06-01,304,22.7,0,0
2023-06-02,334,24.9,0,0
2023-06-03,230,21.1,0,0
2023-06-04,187,19.0,0,0
2023-06-05,298,20.7,0,0
2023-06-06,273,20.0,0,0
2023-06-07,283,21.6,0,0
2023-06-08,285,22.9,0,0
2023-06-09,300,22.0,0,0
2023-06-10,226,23.5,0,0
2023-06-11,212,26.1,0,0
2023-06-12,312,26.6,0,0
2023-06-13,295,24.1,0,0
2023-06-14,292,23.6,0,0
2023-06-15,346,22.6,1,0
2023-06-16,373,25.3,1,0
2023-06-17,280,24.4,1,0
2023-06-18,175,23.0,0,0
2023-06-19,262,23.2,0,0
2023-06-20,292,24.1,0,0
2023-06-21,300,23.4,0,0
2023-06-22,297,23.7,0,0
2023-06-23,307,23.7,0,0
2023-06-24,246,24.9,0,0
2023-06-25,217,26.2,0,0
2023-06-26,322,26.0,0,0
2023-06-27,318,24.7,0,0
2023-06-28,235,25.2,0,1
2023-06-29,217,23.5,0,1
2023-06-30,248,25.4,0,1
2023-07-01,170,25.6,0,1
2023-07-02,221,25.7,0,0
2023-07-03,289,21.4,0,0
2023-07-04,321,26.1,0,0
2023-07-05,323,28.0,0,0
2023-07-06,314,29.0,0,0
2023-07-07,321,27.9,0,0
2023-07-08,233,28.0,0,0
2023-07-09,224,31.6,0,0
2023-07-10,309,28.4,0,0
2023-07-11,335,28.5,0,0
2023-07-12,326,28.4,0,0
2023-07-13,337,27.5,0,0
2023-07-14,322,27.3,0,0
2023-07-15,175,25.0,0,1
2023-07-16,197,26.0,0,0
2023-07-17,284,23.6,0,0
2023-07-18,328,26.9,0,0
2023-07-19,342,27.6,0,0
2023-07-20,328,25.5,0,0
2023-07-21,310,22.0,0,0
2023-07-22,239,23.0,0,0
2023-07-23,197,24.4,0,0
2023-07-24,293,23.0,0,0
2023-07-25,329,26.3,0,0
2023-07-26,337,26.3,0,0
2023-07-27,354,25.2,1,0
2023-07-28,358,22.8,1,0
2023-07-29,276,23.3,1,0
2023-07-30,186,23.4,0,0
2023-07-31,288,24.9,0,0
2023-08-01,300,26.6,0,0
2023-08-02,293,26.1,0,0
2023-08-03,321,26.4,0,0
2023-08-04,316,28.2,0,0
2023-08-05,242,28.1,0,0
2023-08-06,199,26.6,0,0
2023-08-07,318,27.0,0,0
2023-08-08,305,25.4,0,0
2023-08-09,310,25.8,0,0
2023-08-10,301,25.5,0,0
2023-08-11,299,23.4,0,0
2023-08-12,237,24.6,0,0
2023-08-13,192,24.6,0,0
2023-08-14,306,25.6,0,0
2023-08-15,295,23.0,0,0
2023-08-16,312,25.1,0,0
2023-08-17,327,26.5,0,0
2023-08-18,330,25.2,0,0
2023-08-19,220,24.6,0,0
2023-08-20,205,24.3,0,0
2023-08-21,289,24.1,0,0
2023-08-22,290,25.2,0,0
2023-08-23,291,23.5,0,0
2023-08-24,293,21.6,0,0
2023-08-25,313,21.6,0,0
2023-08-26,240,25.1,0,0
2023-08-27,215,23.8,0,0
2023-08-28,291,21.9,0,0
2023-08-29,294,20.6,0,0
2023-08-30,211,21.5,0,1
2023-08-31,307,23.6,0,0
2023-09-01,302,22.0,0,0
2023-09-02,230,22.3,0,0
2023-09-03,199,22.6,0,0
2023-09-04,298,23.1,0,0
2023-09-05,294,22.9,0,0
2023-09-06,304,24.2,0,0
2023-09-07,355,24.5,1,0
2023-09-08,341,22.6,1,0
2023-09-09,272,26.1,1,0
2023-09-10,177,22.4,0,0
2023-09-11,262,19.8,0,0
2023-09-12,284,21.8,0,0
2023-09-13,294,21.8,0,0
2023-09-14,300,21.0,0,0
2023-09-15,289,21.1,0,0
2023-09-16,214,22.0,0,0
2023-09-17,170,20.7,0,0
2023-09-18,270,19.5,0,0
2023-09-19,260,17.9,0,0
2023-09-20,268,17.1,0,0
2023-09-21,272,16.5,0,0
2023-09-22,302,19.2,0,0
2023-09-23,230,19.7,0,0
2023-09-24,177,20.4,0,0
2023-09-25,266,19.0,0,0
2023-09-26,273,20.6,0,0
2023-09-27,260,17.5,0,0
2023-09-28,279,18.6,0,0
2023-09-29,291,19.6,0,0
2023-09-30,196,18.2,0,0
2023-10-01,160,16.5,0,0
2023-10-02,255,17.7,0,0
2023-10-03,249,16.6,0,0
2023-10-04,240,15.4,0,0
2023-10-05,259,15.9,0,0
2023-10-06,263,14.5,0,0
2023-10-07,187,15.0,0,0
2023-10-08,176,18.8,0,0
2023-10-09,276,17.5,0,0
2023-10-10,272,18.6,0,0
2023-10-11,270,16.3,0,0
2023-10-12,283,16.4,0,0
2023-10-13,279,15.8,0,0
2023-10-14,179,15.6,0,0
2023-10-15,141,16.8,0,0
2023-10-16,268,19.9,0,0
2023-10-17,276,18.3,0,0
2023-10-18,273,19.5,0,0
2023-10-19,325,18.7,1,0
2023-10-20,336,18.7,1,0
2023-10-21,256,16.8,1,0
2023-10-22,147,15.0,0,0
2023-10-23,251,14.5,0,0
2023-10-24,243,13.2,0,0
2023-10-25,242,13.4,0,0
2023-10-26,244,11.9,0,0
2023-10-27,263,12.4,0,0
2023-10-28,174,13.0,0,0
2023-10-29,69,16.1,0,1
2023-10-30,261,18.0,0,0
2023-10-31,255,17.3,0,0
2023-11-01,242,15.2,0,0
2023-11-02,246,15.4,0,0
2023-11-03,256,15.9,0,0
2023-11-04,182,14.6,0,0
2023-11-05,136,12.5,0,0
2023-11-06,216,9.5,0,0
2023-11-07,228,10.2,0,0
2023-11-08,244,13.8,0,0
2023-11-09,244,12.8,0,0
2023-11-10,269,13.1,0,0
2023-11-11,184,13.1,0,0
2023-11-12,144,13.4,0,0
2023-11-13,245,13.9,0,0
2023-11-14,232,9.8,0,0
2023-11-15,234,9.9,0,0
2023-11-16,238,10.7,0,0
2023-11-17,242,10.5,0,0
2023-11-18,167,12.4,0,0
2023-11-19,147,11.2,0,0
2023-11-20,248,12.3,0,0
2023-11-21,266,14.5,0,0
2023-11-22,248,12.7,0,0
2023-11-23,252,11.9,0,0
2023-11-24,238,10.7,0,0
2023-11-25,156,11.6,0,0
2023-11-26,121,7.5,0,0
2023-11-27,212,5.7,0,0
2023-11-28,209,6.3,0,0
2023-11-29,202,8.5,0,0
2023-11-30,276,9.6,1,0
2023-12-01,284,8.0,1,0
2023-12-02,209,10.8,1,0
2023-12-03,130,10.3,0,0
2023-12-04,207,8.8,0,0
2023-12-05,213,9.5,0,0
2023-12-06,229,11.2,0,0
2023-12-07,235,10.2,0,0
2023-12-08,228,7.1,0,0
2023-12-09,156,6.5,0,0
2023-12-10,122,7.1,0,0
2023-12-11,219,8.8,0,0
2023-12-12,216,6.8,0,0
2023-12-13,221,7.5,0,0
2023-12-14,212,5.6,0,0
2023-12-15,222,6.3,0,0
2023-12-16,130,4.5,0,0
2023-12-17,97,4.6,0,0
2023-12-18,159,2.9,0,0
2023-12-19,186,2.6,0,0
2023-12-20,183,1.4,0,0
2023-12-21,179,-0.1,0,0
2023-12-22,208,3.9,0,0
2023-12-23,144,6.7,0,0
2023-12-24,105,7.5,0,0
2023-12-25,214,6.7,0,0
2023-12-26,224,9.0,0,0
2023-12-27,226,7.8,0,0
2023-12-28,221,8.1,0,0
2023-12-29,232,9.5,0,0
2023-12-30,153,8.9,0,0
2023-12-31,133,10.5,0,0
2024-01-01,166,9.0,0,1
2024-01-02,214,8.0,0,0
2024-01-03,207,7.7,0,0
2024-01-04,251,5.4,1,0
2024-01-05,249,3.9,1,0
2024-01-06,199,5.9,1,0
2024-01-07,95,3.2,0,0
2024-01-08,197,5.9,0,0
2024-01-09,195,6.4,0,0
2024-01-10,211,8.2,0,0
2024-01-11,209,8.8,0,0
2024-01-12,230,9.0,0,0
2024-01-13,181,10.9,0,0
2024-01-14,121,9.3,0,0
2024-01-15,218,8.2,0,0
2024-01-16,234,9.4,0,0
2024-01-17,221,7.3,0,0
2024-01-18,230,8.8,0,0
2024-01-19,241,9.1,0,0
2024-01-20,162,7.4,0,0
2024-01-21,104,5.0,0,0
2024-01-22,179,2.1,0,0
2024-01-23,206,6.3,0,0
2024-01-24,189,3.9,0,0
2024-01-25,207,2.6,0,0
2024-01-26,223,5.1,0,0
2024-01-27,143,6.2,0,0
2024-01-28,115,6.6,0,0
2024-01-29,208,6.6,0,0
2024-01-30,218,5.8,0,0
2024-01-31,187,4.5,0,0
2024-02-01,186,3.9,0,0
2024-02-02,219,5.6,0,0
2024-02-03,157,7.6,0,0
2024-02-04,131,9.2,0,0
2024-02-05,222,8.3,0,0
2024-02-06,209,4.2,0,0
2024-02-07,213,5.8,0,0
2024-02-08,260,5.8,1,0
2024-02-09,249,1.8,1,0
2024-02-10,179,5.5,1,0
2024-02-11,99,6.3,0,0
2024-02-12,216,6.4,0,0
2024-02-13,229,6.9,0,0
2024-02-14,229,7.2,0,0
2024-02-15,227,7.6,0,0
2024-02-16,242,7.7,0,0
2024-02-17,164,7.6,0,0
2024-02-18,126,8.5,0,0
2024-02-19,225,8.8,0,0
2024-02-20,252,12.3,0,0
2024-02-21,224,11.2,0,0
2024-02-22,225,9.4,0,0
2024-02-23,215,8.0,0,0
2024-02-24,140,8.7,0,0
2024-02-25,118,8.7,0,0
2024-02-26,224,9.0,0,0
2024-02-27,214,8.5,0,0
2024-02-28,221,8.3,0,0
2024-02-29,232,9.6,0,0
2024-03-01,264,11.6,0,0
2024-03-02,178,11.3,0,0
2024-03-03,129,10.5,0,0
2024-03-04,220,8.2,0,0
2024-03-05,227,6.7,0,0
2024-03-06,224,7.6,0,0
2024-03-07,226,7.8,0,0
2024-03-08,241,8.2,0,0
2024-03-09,142,6.9,0,0
2024-03-10,123,7.6,0,0
2024-03-11,193,5.2,0,0
2024-03-12,205,4.7,0,0
2024-03-13,205,5.1,0,0
2024-03-14,273,7.6,1,0
2024-03-15,266,7.5,1,0
2024-03-16,187,6.9,1,0
2024-03-17,112,8.5,0,0
2024-03-18,209,9.0,0,0
2024-03-19,216,11.1,0,0
2024-03-20,234,11.6,0,0
2024-03-21,240,11.8,0,0
2024-03-22,235,11.4,0,0
2024-03-23,166,12.5,0,0
2024-03-24,129,11.0,0,0
2024-03-25,220,8.8,0,0
2024-03-26,247,11.2,0,0
2024-03-27,237,10.7,0,0
2024-03-28,238,11.2,0,0
2024-03-29,248,12.5,0,0
2024-03-30,195,14.1,0,0
2024-03-31,119,9.0,0,0
2024-04-01,201,8.5,0,0
2024-04-02,224,11.8,0,0
2024-04-03,213,9.4,0,0
2024-04-04,229,11.3,0,0
2024-04-05,261,11.4,0,0
2024-04-06,180,10.6,0,0
2024-04-07,136,11.3,0,0
2024-04-08,232,9.4,0,0
2024-04-09,241,11.4,0,0
2024-04-10,190,14.1,0,1
2024-04-11,199,11.9,0,1
2024-04-12,193,11.6,0,1
2024-04-13,194,14.4,0,0
2024-04-14,173,15.2,0,0
2024-04-15,263,14.6,0,0
2024-04-16,269,17.1,0,0
2024-04-17,253,13.8,0,0
2024-04-18,259,13.9,0,0
2024-04-19,276,14.6,0,0
2024-04-20,199,14.4,0,0
2024-04-21,176,16.2,0,0
2024-04-22,261,13.5,0,0
2024-04-23,161,14.4,0,1
2024-04-24,235,13.7,0,0
2024-04-25,325,16.5,1,0
2024-04-26,341,18.3,1,0
2024-04-27,239,16.7,1,0
2024-04-28,146,15.0,0,0
2024-04-29,258,15.6,0,0
2024-04-30,256,14.8,0,0
2024-05-01,201,14.7,0,1
2024-05-02,265,16.3,0,0
2024-05-03,261,16.0,0,0
2024-05-04,221,19.5,0,0
2024-05-05,199,19.2,0,0
2024-05-06,288,18.1,0,0
2024-05-07,274,16.5,0,0
2024-05-08,264,16.3,0,0
2024-05-09,276,18.8,0,0
2024-05-10,294,19.7,0,0
2024-05-11,225,21.8,0,0
2024-05-12,204,23.2,0,0
2024-05-13,321,22.9,0,0
2024-05-14,301,20.8,0,0
2024-05-15,299,20.2,0,0
2024-05-16,318,20.2,0,0
2024-05-17,291,17.5,0,0
2024-05-18,223,18.8,0,0
2024-05-19,94,17.6,0,1
2024-05-20,261,18.3,0,0
2024-05-21,299,18.1,0,0
2024-05-22,298,19.8,0,0
2024-05-23,326,24.3,0,0
2024-05-24,299,21.4,0,0
2024-05-25,229,21.3,0,0
2024-05-26,217,24.5,0,0
2024-05-27,295,22.1,0,0
2024-05-28,304,21.5,0,0
2024-05-29,303,21.4,0,0
2024-05-30,357,22.0,1,0
2024-05-31,349,19.3,1,0
2024-06-01,275,20.6,1,0
2024-06-02,181,22.0,0,0
2024-06-03,321,26.2,0,0
2024-06-04,326,24.9,0,0
2024-06-05,304,23.2,0,0
2024-06-06,312,23.2,0,0
2024-06-07,273,18.9,0,0
2024-06-08,225,20.6,0,0
2024-06-09,218,23.8,0,0
2024-06-10,304,23.5,0,0
2024-06-11,313,23.3,0,0
2024-06-12,325,22.8,0,0
2024-06-13,317,23.2,0,0
2024-06-14,299,21.2,0,0
2024-06-15,237,24.4,0,0
2024-06-16,139,23.4,0,1
2024-06-17,238,22.7,0,1
2024-06-18,252,25.7,0,1
2024-06-19,242,25.1,0,1
2024-06-20,328,24.1,0,0
2024-06-21,331,26.7,0,0
2024-06-22,251,26.2,0,0
2024-06-23,220,27.1,0,0
2024-06-24,323,25.3,0,0
2024-06-25,315,22.1,0,0
2024-06-26,305,23.1,0,0
2024-06-27,341,25.8,0,0
2024-06-28,346,24.6,0,0
2024-06-29,263,25.2,0,0
2024-06-30,231,26.1,0,0
2024-07-01,328,26.1,0,0
2024-07-02,333,25.8,0,0
2024-07-03,342,26.7,0,0
2024-07-04,328,26.5,0,0
2024-07-05,357,25.1,0,0
2024-07-06,277,26.7,0,0
2024-07-07,238,27.4,0,0
2024-07-08,336,27.3,0,0
2024-07-09,349,27.7,0,0
2024-07-10,320,22.7,0,0
2024-07-11,365,23.8,1,0
2024-07-12,374,24.2,1,0
2024-07-13,292,21.2,1,0
2024-07-14,220,25.7,0,0
2024-07-15,239,26.1,0,1
2024-07-16,312,25.0,0,0
2024-07-17,321,24.4,0,0
2024-07-18,334,25.0,0,0
2024-07-19,324,25.0,0,0
2024-07-20,231,22.4,0,0
2024-07-21,217,22.6,0,0
2024-07-22,322,24.0,0,0
2024-07-23,333,25.3,0,0
2024-07-24,335,26.6,0,0
2024-07-25,309,24.4,0,0
2024-07-26,323,23.6,0,0
2024-07-27,241,24.6,0,0
2024-07-28,188,23.7,0,0
2024-07-29,329,24.4,0,0
2024-07-30,331,23.2,0,0
2024-07-31,340,24.6,0,0
2024-08-01,343,24.8,0,0
2024-08-02,341,25.7,0,0
2024-08-03,245,25.5,0,0
2024-08-04,214,24.0,0,0
2024-08-05,315,22.2,0,0
2024-08-06,322,23.0,0,0
2024-08-07,308,22.5,0,0
2024-08-08,294,20.7,0,0
2024-08-09,301,20.9,0,0
2024-08-10,238,23.3,0,0
2024-08-11,217,25.6,0,0
2024-08-12,326,26.4,0,0
2024-08-13,332,27.9,0,0
2024-08-14,328,26.2,0,0
2024-08-15,332,25.3,0,0
2024-08-16,322,23.4,0,0
2024-08-17,235,22.3,0,0
2024-08-18,226,25.4,0,0
2024-08-19,308,25.6,0,0
2024-08-20,315,26.1,0,0
2024-08-21,353,29.5,0,0
2024-08-22,403,30.8,1,0
2024-08-23,382,27.2,1,0
2024-08-24,291,27.6,1,0
2024-08-25,201,25.1,0,0
2024-08-26,312,26.1,0,0
2024-08-27,300,22.2,0,0
2024-08-28,301,20.9,0,0
2024-08-29,302,20.0,0,0
2024-08-30,245,24.0,0,1
2024-08-31,224,20.8,0,0
2024-09-01,210,23.1,0,0
2024-09-02,317,24.6,0,0
2024-09-03,325,24.1,0,0
2024-09-04,339,24.8,0,0
2024-09-05,358,28.2,0,0
2024-09-06,359,26.7,0,0
2024-09-07,261,24.8,0,0
2024-09-08,237,26.0,0,0
2024-09-09,320,25.9,0,0
2024-09-10,325,22.7,0,0
2024-09-11,324,22.6,0,0
2024-09-12,319,22.6,0,0
2024-09-13,289,20.3,0,0
2024-09-14,212,18.9,0,0
2024-09-15,178,18.4,0,0
2024-09-16,267,17.1,0,0
2024-09-17,275,18.9,0,0
2024-09-18,288,19.8,0,0
2024-09-19,271,16.3,0,0
2024-09-20,291,16.7,0,0
2024-09-21,220,17.9,0,0
2024-09-22,175,16.2,0,0
2024-09-23,276,16.7,0,0
2024-09-24,290,18.0,0,0
2024-09-25,282,15.6,0,0
2024-09-26,296,16.1,0,0
2024-09-27,278,13.1,0,0
2024-09-28,209,16.0,0,0
2024-09-29,181,15.5,0,0
2024-09-30,260,14.0,0,0
2024-10-01,254,12.3,0,0
2024-10-02,254,11.3,0,0
2024-10-03,336,15.3,1,0
2024-10-04,341,14.6,1,0
2024-10-05,249,14.5,1,0
2024-10-06,165,14.7,0,0
2024-10-07,232,12.9,0,0
2024-10-08,269,15.4,0,0
2024-10-09,247,11.7,0,0
2024-10-10,271,14.6,0,0
2024-10-11,265,13.9,0,0
2024-10-12,184,14.6,0,0
2024-10-13,158,15.5,0,0
2024-10-14,268,17.0,0,0
2024-10-15,273,14.5,0,0
2024-10-16,283,15.8,0,0
2024-10-17,278,15.6,0,0
2024-10-18,293,15.2,0,0
2024-10-19,207,14.7,0,0
2024-10-20,197,16.5,0,0
2024-10-21,298,16.7,0,0
2024-10-22,299,18.1,0,0
2024-10-23,282,18.4,0,0
2024-10-24,270,13.9,0,0
2024-10-25,261,13.8,0,0
2024-10-26,205,15.4,0,0
2024-10-27,156,13.4,0,0
2024-10-28,256,10.7,0,0
2024-10-29,164,7.7,0,1
2024-10-30,264,12.6,0,0
2024-10-31,268,11.2,0,0
2024-11-01,268,11.9,0,0
2024-11-02,193,10.4,0,0
2024-11-03,169,11.7,0,0
2024-11-04,278,14.6,0,0
2024-11-05,253,11.5,0,0
2024-11-06,251,11.5,0,0
2024-11-07,255,10.4,0,0
2024-11-08,256,7.7,0,0
2024-11-09,168,7.4,0,0
2024-11-10,141,8.7,0,0
2024-11-11,238,11.4,0,0
2024-11-12,246,13.4,0,0
2024-11-13,242,12.7,0,0
2024-11-14,285,9.4,1,0
2024-11-15,314,10.9,1,0
2024-11-16,243,10.8,1,0
2024-11-17,163,10.6,0,0
2024-11-18,248,8.7,0,0
2024-11-19,237,8.8,0,0
2024-11-20,264,12.4,0,0
2024-11-21,284,14.1,0,0
2024-11-22,282,14.9,0,0
2024-11-23,197,14.4,0,0
2024-11-24,164,12.3,0,0
2024-11-25,256,11.4,0,0
2024-11-26,267,11.0,0,0
2024-11-27,253,11.1,0,0
2024-11-28,237,9.9,0,0
2024-11-29,256,8.2,0,0
2024-11-30,195,10.2,0,0
2024-12-01,151,9.1,0,0
2024-12-02,246,10.3,0,0
2024-12-03,237,9.5,0,0
2024-12-04,254,10.2,0,0
2024-12-05,253,10.5,0,0
2024-12-06,253,11.0,0,0
2024-12-07,178,11.2,0,0
2024-12-08,144,8.7,0,0
2024-12-09,228,6.2,0,0
2024-12-10,215,6.6,0,0
2024-12-11,246,9.6,0,0
2024-12-12,244,7.6,0,0
2024-12-13,242,6.0,0,0
2024-12-14,167,10.1,0,0
2024-12-15,110,6.7,0,0
2024-12-16,202,5.9,0,0
2024-12-17,214,5.6,0,0
2024-12-18,215,4.9,0,0
2024-12-19,219,4.5,0,0
2024-12-20,224,6.9,0,0
2024-12-21,154,7.2,0,0
2024-12-22,130,7.4,0,0
2024-12-23,220,4.5,0,0
2024-12-24,233,6.4,0,0
2024-12-25,226,6.7,0,0
2024-12-26,278,6.9,1,0
2024-12-27,288,8.1,1,0
2024-12-28,212,8.1,1,0
2024-12-29,126,7.5,0,0
2024-12-30,216,7.8,0,0
2024-12-31,222,6.2,0,0
