time,temp_c
2024-05-06 00:04:55,57.9
2024-05-06 00:16:04,55.0
2024-05-06 00:21:32,56.3
2024-05-06 00:23:41,55.7
2024-05-06 00:27:50,55.4
2024-05-06 00:34:20,56.0
2024-05-06 00:47:15,56.4
2024-05-06 00:57:02,56.4
2024-05-06 01:04:37,54.5
2024-05-06 01:18:31,56.8
2024-05-06 01:24:22,57.3
2024-05-06 01:34:27,56.4
2024-05-06 01:41:28,56.4
2024-05-06 01:54:52,55.7
2024-05-06 01:56:39,54.6
2024-05-06 02:06:10,55.2
2024-05-06 02:18:26,55.8
2024-05-06 02:22:48,55.2
2024-05-06 02:35:28,54.4
2024-05-06 02:44:20,55.4
2024-05-06 02:46:50,54.3
2024-05-06 02:58:02,54.1
2024-05-06 03:03:05,55.4
2024-05-06 03:10:32,54.9
2024-05-06 03:23:46,54.5
2024-05-06 03:27:24,55.2
2024-05-06 03:32:10,55.2
2024-05-06 03:36:45,55.9
2024-05-06 03:46:13,55.8
2024-05-06 03:59:11,54.4
2024-05-06 04:12:41,54.2
2024-05-06 04:18:54,55.3
2024-05-06 04:27:28,55.3
2024-05-06 04:36:41,55.3
2024-05-06 04:45:43,56.8
2024-05-06 04:59:21,54.8
2024-05-06 05:04:43,54.5
2024-05-06 05:13:24,55.4
2024-05-06 05:17:23,56.1
2024-05-06 05:18:37,55.2
2024-05-06 05:23:40,56.2
2024-05-06 05:29:04,55.7
2024-05-06 05:33:02,56.8
2024-05-06 05:42:38,57.2
2024-05-06 05:44:46,56.5
2024-05-06 05:50:42,56.6
2024-05-06 05:56:06,56.3
2024-05-06 06:04:34,56.0
2024-05-06 06:10:58,56.9
2024-05-06 06:17:26,57.0
2024-05-06 06:24:55,57.6
2024-05-06 06:37:31,58.6
2024-05-06 06:49:05,57.4
2024-05-06 07:00:19,58.2
2024-05-06 07:13:00,59.3
2024-05-06 07:23:06,59.3
2024-05-06 07:28:12,58.6
2024-05-06 07:38:08,59.5
2024-05-06 07:41:55,59.4
2024-05-06 07:54:47,59.1
2024-05-06 08:08:11,60.4
2024-05-06 08:21:59,59.7
2024-05-06 08:25:57,60.8
2024-05-06 08:38:15,60.7
2024-05-06 08:41:31,60.4
2024-05-06 08:51:52,60.5
2024-05-06 09:02:24,59.5
2024-05-06 09:13:57,61.0
2024-05-06 09:22:57,62.7
2024-05-06 09:33:50,61.0
2024-05-06 09:47:00,61.1
2024-05-06 09:52:38,62.6
2024-05-06 09:57:07,63.9
2024-05-06 10:05:29,63.0
2024-05-06 10:06:50,63.4
2024-05-06 10:12:21,62.8
2024-05-06 10:17:19,63.0
2024-05-06 10:28:18,64.3
2024-05-06 10:36:12,62.6
2024-05-06 10:44:50,63.6
2024-05-06 10:56:17,63.3
2024-05-06 11:05:31,63.4
2024-05-06 11:15:26,65.4
2024-05-06 11:21:57,65.0
2024-05-06 11:27:33,65.6
2024-05-06 11:37:27,63.2
2024-05-06 11:44:40,64.4
2024-05-06 11:51:34,64.1
2024-05-06 11:53:03,65.2
2024-05-06 12:06:08,64.3
2024-05-06 12:07:55,63.7
2024-05-06 12:20:48,64.8
2024-05-06 12:22:28,65.2
2024-05-06 12:30:52,66.0
2024-05-06 12:42:03,65.6
2024-05-06 12:49:23,66.5
2024-05-06 12:57:18,66.7
2024-05-06 12:58:33,65.7
2024-05-06 13:01:02,65.4
2024-05-06 13:09:57,65.9
2024-05-06 13:15:41,66.2
2024-05-06 13:17:00,66.1
2024-05-06 13:23:10,67.4
2024-05-06 13:24:33,66.0
2024-05-06 13:35:10,65.6
2024-05-06 13:48:47,66.2
2024-05-06 13:53:33,67.2
2024-05-06 14:07:10,66.2
2024-05-06 14:13:26,66.3
2024-05-06 14:17:50,67.6
2024-05-06 14:20:56,66.3
2024-05-06 14:25:45,67.2
2024-05-06 14:30:39,66.9
2024-05-06 14:31:48,67.0
2024-05-06 14:40:58,67.3
2024-05-06 14:47:21,67.4
2024-05-06 14:58:32,67.9
2024-05-06 15:06:48,66.8
2024-05-06 15:09:00,66.6
2024-05-06 15:14:27,67.1
2024-05-06 15:17:02,67.4
2024-05-06 15:19:41,67.6
2024-05-06 15:28:59,66.9
2024-05-06 15:35:01,66.1
2024-05-06 15:42:31,66.7
2024-05-06 15:56:30,66.0
2024-05-06 16:03:55,66.4
2024-05-06 16:15:48,67.9
2024-05-06 16:20:05,65.3
2024-05-06 16:26:32,66.5
2024-05-06 16:36:43,67.0
2024-05-06 16:46:30,66.6
2024-05-06 16:49:20,66.7
2024-05-06 16:57:38,65.8
2024-05-06 17:00:52,65.6
2024-05-06 17:04:53,65.6
2024-05-06 17:10:32,66.9
2024-05-06 17:12:33,65.2
2024-05-06 17:16:03,66.0
2024-05-06 17:20:39,64.8
2024-05-06 17:23:05,65.8
2024-05-06 17:30:14,65.9
2024-05-06 17:40:46,63.4
2024-05-06 17:48:41,65.4
2024-05-06 17:57:49,64.6
2024-05-06 18:02:19,64.9
2024-05-06 18:03:24,65.6
2024-05-06 18:14:06,65.0
2024-05-06 18:23:12,65.0
2024-05-06 18:28:22,64.7
2024-05-06 18:37:04,64.4
2024-05-06 18:49:25,63.9
2024-05-06 18:58:51,63.5
2024-05-06 19:10:45,64.1
2024-05-06 19:11:49,64.9
2024-05-06 19:16:39,65.0
2024-05-06 19:29:31,63.8
2024-05-06 19:42:16,64.6
2024-05-06 19:48:30,62.1
2024-05-06 19:49:55,62.5
2024-05-06 19:51:05,61.7
2024-05-06 20:01:29,62.7
2024-05-06 20:03:40,62.7
2024-05-06 20:08:11,62.7
2024-05-06 20:12:23,62.1
2024-05-06 20:17:53,61.9
2024-05-06 20:19:56,61.4
2024-05-06 20:33:05,62.0
2024-05-06 20:36:41,61.9
2024-05-06 20:44:25,62.2
2024-05-06 20:48:16,60.4
2024-05-06 20:54:54,60.5
2024-05-06 21:00:16,61.1
2024-05-06 21:09:41,61.5
2024-05-06 21:20:07,60.1
2024-05-06 21:31:45,60.4
2024-05-06 21:39:05,61.1
2024-05-06 21:44:48,59.1
2024-05-06 21:49:06,59.1
2024-05-06 21:50:18,60.4
2024-05-06 21:58:06,59.2
2024-05-06 21:59:53,59.0
2024-05-06 22:11:36,60.0
2024-05-06 22:16:32,58.4
2024-05-06 22:25:26,58.9
2024-05-06 22:38:35,58.5
2024-05-06 22:41:58,57.6
2024-05-06 22:49:45,57.8
2024-05-06 23:02:58,58.0
2024-05-06 23:05:16,58.7
2024-05-06 23:07:09,57.3
2024-05-06 23:19:23,58.3
2024-05-06 23:27:53,55.9
2024-05-06 23:39:08,58.1
2024-05-06 23:50:32,58.0
2024-05-07 00:02:51,56.3
2024-05-07 00:12:06,56.6
2024-05-07 00:20:45,56.4
2024-05-07 00:34:35,56.6
2024-05-07 00:45:56,55.9
2024-05-07 00:58:49,56.4
2024-05-07 01:09:20,55.9
2024-05-07 01:13:28,55.6
2024-05-07 01:14:36,55.6
2024-05-07 01:24:22,55.9
2024-05-07 01:32:38,55.5
2024-05-07 01:46:32,55.1
2024-05-07 01:48:46,55.6
2024-05-07 01:51:25,54.4
2024-05-07 02:04:37,55.0
2024-05-07 07:47:21,58.9
2024-05-07 07:51:07,59.7
2024-05-07 07:57:28,59.6
2024-05-07 08:00:35,59.2
2024-05-07 08:06:42,59.7
2024-05-07 08:11:41,60.9
2024-05-07 08:25:14,59.8
2024-05-07 08:32:36,59.4
2024-05-07 08:38:47,59.8
2024-05-07 08:45:23,60.3
2024-05-07 08:48:40,60.0
2024-05-07 08:51:35,61.3
2024-05-07 08:55:28,62.1
2024-05-07 09:00:11,62.5
2024-05-07 09:11:53,63.1
2024-05-07 09:23:45,61.2
2024-05-07 09:29:15,61.9
2024-05-07 09:31:26,62.2
2024-05-07 09:43:16,61.9
2024-05-07 09:45:49,63.5
2024-05-07 09:58:54,62.8
2024-05-07 10:10:35,63.2
2024-05-07 10:11:57,60.8
2024-05-07 10:23:31,63.1
2024-05-07 10:35:20,63.6
2024-05-07 10:48:04,62.9
2024-05-07 10:51:33,65.2
2024-05-07 11:04:23,64.7
2024-05-07 11:16:02,64.1
2024-05-07 11:24:14,65.1
2024-05-07 11:28:04,65.2
2024-05-07 11:41:19,64.6
2024-05-07 11:53:47,64.4
2024-05-07 12:01:42,65.0
2024-05-07 12:04:34,64.9
2024-05-07 12:14:06,65.3
2024-05-07 12:23:21,65.5
2024-05-07 12:33:51,66.4
2024-05-07 12:42:59,65.1
2024-05-07 12:51:23,66.1
2024-05-07 12:58:44,64.6
2024-05-07 13:01:39,65.3
2024-05-07 13:05:31,67.4
2024-05-07 13:14:53,65.9
2024-05-07 13:16:13,66.9
2024-05-07 13:28:36,66.8
2024-05-07 13:35:04,68.0
2024-05-07 13:41:13,67.7
2024-05-07 13:50:19,67.5
2024-05-07 13:55:52,67.2
2024-05-07 14:01:54,66.9
2024-05-07 14:15:21,67.6
2024-05-07 14:27:47,68.3
2024-05-07 14:35:04,68.4
2024-05-07 14:45:39,67.7
2024-05-07 14:49:49,67.8
2024-05-07 15:00:55,68.8
2024-05-07 15:09:24,67.2
2024-05-07 15:15:12,67.1
2024-05-07 15:24:42,67.4
2024-05-07 15:32:51,67.1
2024-05-07 15:46:33,65.9
2024-05-07 15:56:43,65.4
2024-05-07 16:04:09,65.4
2024-05-07 16:06:05,66.4
2024-05-07 16:14:57,66.6
2024-05-07 16:27:58,65.7
2024-05-07 16:35:38,65.9
2024-05-07 16:46:55,66.1
2024-05-07 16:57:09,64.5
2024-05-07 17:00:32,66.9
2024-05-07 17:13:29,67.0
2024-05-07 17:25:49,66.2
2024-05-07 17:32:52,64.9
2024-05-07 17:36:51,66.1
2024-05-07 17:42:37,65.8
2024-05-07 17:50:39,65.7
2024-05-07 18:02:41,66.3
2024-05-07 18:05:27,65.0
2024-05-07 18:11:15,65.5
2024-05-07 18:14:48,65.1
2024-05-07 18:15:48,65.6
2024-05-07 18:22:26,64.9
2024-05-07 18:27:19,65.0
2024-05-07 18:36:53,63.7
2024-05-07 18:50:23,64.6
2024-05-07 19:03:57,64.4
2024-05-07 19:05:36,62.4
2024-05-07 19:17:50,63.5
2024-05-07 19:26:00,64.7
2024-05-07 19:27:25,62.0
2024-05-07 19:34:49,64.3
2024-05-07 19:45:21,63.2
2024-05-07 19:52:58,62.9
2024-05-07 19:59:30,63.0
2024-05-07 20:02:15,61.7
2024-05-07 20:08:35,63.4
2024-05-07 20:18:00,62.2
2024-05-07 20:26:49,62.0
2024-05-07 20:38:05,62.4
2024-05-07 20:45:51,61.3
2024-05-07 20:58:22,61.4
2024-05-07 21:00:50,62.2
2024-05-07 21:13:59,60.6
2024-05-07 21:23:37,61.2
2024-05-07 21:29:56,58.7
2024-05-07 21:35:41,60.5
2024-05-07 21:40:06,59.9
2024-05-07 21:41:33,60.4
2024-05-07 21:46:37,60.8
2024-05-07 21:57:42,59.2
2024-05-07 22:03:43,59.2
2024-05-07 22:17:20,60.0
2024-05-07 22:22:54,58.9
2024-05-07 22:31:11,57.7
2024-05-07 22:39:37,58.2
2024-05-07 22:44:11,58.6
2024-05-07 22:47:10,57.4
2024-05-07 22:52:05,58.6
2024-05-07 22:56:26,56.8
2024-05-07 22:59:23,58.5
2024-05-07 23:04:59,58.4
2024-05-07 23:10:13,57.0
2024-05-07 23:13:51,58.5
2024-05-07 23:26:28,55.5
2024-05-07 23:31:59,58.3
2024-05-07 23:34:06,57.8
2024-05-07 23:42:47,56.2
2024-05-07 23:56:06,56.4
2024-05-08 00:05:31,57.1
2024-05-08 00:08:44,57.2
2024-05-08 00:12:34,57.4
2024-05-08 00:15:49,55.7
2024-05-08 00:28:23,56.3
2024-05-08 00:34:24,57.4
2024-05-08 00:41:37,56.1
2024-05-08 00:51:31,55.6
2024-05-08 00:54:43,54.5
2024-05-08 01:05:14,56.1
2024-05-08 01:11:22,55.4
2024-05-08 01:24:16,54.1
2024-05-08 01:27:00,55.6
2024-05-08 01:35:23,55.4
2024-05-08 01:37:40,55.9
2024-05-08 01:39:08,55.9
2024-05-08 01:49:49,54.7
2024-05-08 01:50:56,54.7
2024-05-08 01:55:26,57.6
2024-05-08 01:58:31,54.4
2024-05-08 01:59:46,54.0
2024-05-08 02:02:50,55.7
2024-05-08 02:08:07,55.5
2024-05-08 02:14:18,54.7
2024-05-08 02:21:40,54.2
2024-05-08 02:30:18,54.7
2024-05-08 02:38:35,56.6
2024-05-08 02:42:07,54.8
2024-05-08 02:48:34,56.1
2024-05-08 03:01:27,54.4
2024-05-08 03:10:12,54.7
2024-05-08 03:22:22,55.9
2024-05-08 03:32:46,55.4
2024-05-08 03:36:30,54.7
2024-05-08 03:48:43,54.3
2024-05-08 03:53:29,54.8
2024-05-08 04:05:31,55.7
2024-05-08 04:18:31,55.3
2024-05-08 04:28:46,56.0
2024-05-08 04:39:07,55.6
2024-05-08 04:48:32,55.7
2024-05-08 04:53:39,56.1
2024-05-08 05:06:28,56.0
2024-05-08 05:16:26,57.6
2024-05-08 05:24:11,55.7
2024-05-08 05:31:36,56.1
2024-05-08 05:39:29,54.6
2024-05-08 05:47:39,56.7
2024-05-08 05:56:45,55.6
2024-05-08 06:04:00,55.6
2024-05-08 06:07:58,57.1
2024-05-08 06:19:53,58.1
2024-05-08 06:23:54,56.2
2024-05-08 06:25:16,57.7
2024-05-08 06:27:42,58.7
2024-05-08 06:31:36,56.9
2024-05-08 06:44:36,58.5
2024-05-08 06:49:13,57.7
2024-05-08 06:59:08,58.4
2024-05-08 07:09:51,58.0
2024-05-08 07:20:14,59.0
2024-05-08 07:33:21,58.0
2024-05-08 07:35:47,59.4
2024-05-08 07:47:27,58.3
2024-05-08 07:53:27,59.6
2024-05-08 08:06:08,60.1
2024-05-08 08:08:13,59.7
2024-05-08 08:19:45,59.3
2024-05-08 08:29:13,60.4
2024-05-08 08:35:50,61.9
2024-05-08 08:46:36,60.6
2024-05-08 08:52:34,62.5
2024-05-08 09:03:06,59.5
2024-05-08 09:13:45,60.7
2024-05-08 09:24:20,62.8
2024-05-08 09:31:41,62.3
2024-05-08 09:36:11,62.0
2024-05-08 09:43:50,62.5
2024-05-08 09:49:52,61.8
2024-05-08 09:54:23,61.5
2024-05-08 10:05:31,62.1
2024-05-08 10:09:31,62.7
2024-05-08 10:17:18,64.0
2024-05-08 10:28:22,62.6
2024-05-08 10:36:34,62.5
2024-05-08 10:47:12,64.2
2024-05-08 10:55:33,63.3
2024-05-08 11:09:02,63.7
2024-05-08 11:10:24,64.3
2024-05-08 11:22:24,65.0
2024-05-08 11:29:45,65.4
2024-05-08 11:35:08,64.7
2024-05-08 11:38:56,64.1
2024-05-08 11:42:16,65.4
2024-05-08 11:52:37,67.4
2024-05-08 12:04:58,64.6
2024-05-08 12:17:27,65.2
2024-05-08 12:28:35,65.9
2024-05-08 12:32:15,66.0
2024-05-08 12:44:06,66.3
2024-05-08 12:49:04,65.7
2024-05-08 12:58:56,66.6
2024-05-08 13:12:39,67.0
2024-05-08 13:15:40,65.7
2024-05-08 13:22:38,66.0
2024-05-08 13:25:36,64.8
2024-05-08 13:33:25,67.6
2024-05-08 13:37:36,67.3
2024-05-08 13:40:25,67.3
2024-05-08 13:51:30,67.2
2024-05-08 13:55:12,67.1
2024-05-08 13:57:29,66.9
2024-05-08 14:04:11,68.3
2024-05-08 14:06:40,66.3
2024-05-08 14:17:02,67.2
2024-05-08 14:22:31,66.1
2024-05-08 14:31:28,66.6
2024-05-08 14:42:11,69.5
2024-05-08 14:46:41,66.3
2024-05-08 14:51:55,67.6
2024-05-08 14:56:21,66.5
2024-05-08 14:57:33,67.4
2024-05-08 15:02:20,66.8
2024-05-08 15:08:39,68.4
2024-05-08 15:14:12,67.2
2024-05-08 15:18:07,66.5
2024-05-08 15:29:17,67.2
2024-05-08 15:33:35,67.1
2024-05-08 15:35:47,67.3
2024-05-08 15:43:33,66.4
2024-05-08 15:52:16,66.1
2024-05-08 15:54:39,66.7
2024-05-08 15:59:35,67.3
2024-05-08 16:04:52,67.1
2024-05-08 16:12:16,66.6
2024-05-08 16:22:20,67.1
2024-05-08 16:36:03,66.5
2024-05-08 16:44:20,67.0
2024-05-08 16:49:09,66.2
2024-05-08 16:52:02,66.9
2024-05-08 17:02:14,65.8
2024-05-08 17:04:59,66.7
2024-05-08 17:06:20,65.6
2024-05-08 17:09:44,65.4
2024-05-08 17:15:40,64.8
2024-05-08 17:29:18,67.1
2024-05-08 17:30:58,65.1
2024-05-08 17:35:31,66.6
2024-05-08 17:42:23,66.8
2024-05-08 17:45:45,65.1
2024-05-08 17:57:16,66.7
2024-05-08 18:02:10,65.3
2024-05-08 18:08:04,65.7
2024-05-08 18:13:08,64.6
2024-05-08 18:15:05,64.9
2024-05-08 18:24:11,65.1
2024-05-08 18:25:52,64.2
2024-05-08 18:37:59,65.3
2024-05-08 18:46:52,64.1
2024-05-08 18:59:23,64.8
2024-05-08 19:12:55,61.9
2024-05-08 19:24:28,63.0
2024-05-08 19:37:07,62.7
2024-05-08 19:46:43,63.2
2024-05-08 19:58:25,65.1
2024-05-08 20:02:45,62.9
2024-05-08 20:13:45,61.2
2024-05-08 20:19:17,61.7
2024-05-08 20:23:17,62.2
2024-05-08 20:32:00,62.8
2024-05-08 20:42:14,62.0
2024-05-08 20:44:57,61.2
2024-05-08 20:55:05,60.5
2024-05-08 20:58:31,61.6
2024-05-08 21:04:00,62.6
2024-05-08 21:08:13,60.9
2024-05-08 21:16:02,60.4
2024-05-08 21:17:32,59.2
2024-05-08 21:19:07,61.3
2024-05-08 21:24:53,59.9
2024-05-08 21:31:59,59.5
2024-05-08 21:44:29,60.4
2024-05-08 21:51:44,60.9
2024-05-08 22:02:07,58.3
2024-05-08 22:04:29,59.5
2024-05-08 22:13:16,59.8
2024-05-08 22:18:25,58.5
2024-05-08 22:31:52,59.6
2024-05-08 22:38:50,57.3
2024-05-08 22:41:00,59.0
2024-05-08 22:48:42,59.0
2024-05-08 22:58:13,56.6
2024-05-08 23:11:14,57.2
2024-05-08 23:23:31,57.1
2024-05-08 23:35:07,58.1
2024-05-08 23:38:23,57.3
2024-05-08 23:45:09,56.1
2024-05-08 23:54:14,56.4
