date,rentals
2022-01-01,193
2022-01-02,154
2022-01-03,145
2022-01-04,207
2022-01-05,194
2022-01-06,169
2022-01-07,117
2022-01-08,226
2022-01-09,229
2022-01-10,186
2022-01-11,176
2022-01-12,127
2022-01-13,213
2022-01-14,225
2022-01-15,217
2022-01-16,189
2022-01-17,162
2022-01-18,182
2022-01-19,118
2022-01-20,211
2022-01-21,157
2022-01-22,197
2022-01-23,148
2022-01-24,129
2022-01-25,227
2022-01-26,265
2022-01-27,263
2022-01-28,157
2022-01-29,274
2022-01-30,274
2022-01-31,181
2022-02-01,202
2022-02-02,216
2022-02-03,238
2022-02-04,233
2022-02-05,152
2022-02-06,278
2022-02-07,141
2022-02-08,247
2022-02-09,244
2022-02-10,137
2022-02-11,240
2022-02-12,194
2022-02-13,172
2022-02-14,148
2022-02-15,156
2022-02-16,262
2022-02-17,253
2022-02-18,257
2022-02-19,295
2022-02-20,268
2022-02-21,157
2022-02-22,206
2022-02-23,224
2022-02-24,211
2022-02-25,238
2022-02-26,185
2022-02-27,303
2022-02-28,144
2022-03-01,132
2022-03-02,157
2022-03-03,174
2022-03-04,168
2022-03-05,180
2022-03-06,163
2022-03-07,227
2022-03-08,208
2022-03-09,216
2022-03-10,130
2022-03-11,125
2022-03-12,281
2022-03-13,306
2022-03-14,165
2022-03-15,165
2022-03-16,274
2022-03-17,286
2022-03-18,291
2022-03-19,203
2022-03-20,303
2022-03-21,158
2022-03-22,232
2022-03-23,232
2022-03-24,262
2022-03-25,308
2022-03-26,229
2022-03-27,207
2022-03-28,274
2022-03-29,169
2022-03-30,320
2022-03-31,212
2022-04-01,369
2022-04-02,417
2022-04-03,220
2022-04-04,305
2022-04-05,194
2022-04-06,201
2022-04-07,197
2022-04-08,362
2022-04-09,444
2022-04-10,254
2022-04-11,337
2022-04-12,304
2022-04-13,182
2022-04-14,314
2022-04-15,340
2022-04-16,353
2022-04-17,298
2022-04-18,195
2022-04-19,220
2022-04-20,194
2022-04-21,347
2022-04-22,226
2022-04-23,502
2022-04-24,375
2022-04-25,346
2022-04-26,371
2022-04-27,343
2022-04-28,327
2022-04-29,301
2022-04-30,385
2022-05-01,474
2022-05-02,413
2022-05-03,412
2022-05-04,249
2022-05-05,237
2022-05-06,414
2022-05-07,440
2022-05-08,421
2022-05-09,330
2022-05-10,320
2022-05-11,196
2022-05-12,353
2022-05-13,389
2022-05-14,399
2022-05-15,253
2022-05-16,349
2022-05-17,356
2022-05-18,391
2022-05-19,440
2022-05-20,217
2022-05-21,420
2022-05-22,239
2022-05-23,358
2022-05-24,340
2022-05-25,391
2022-05-26,273
2022-05-27,485
2022-05-28,497
2022-05-29,306
2022-05-30,232
2022-05-31,392
2022-06-01,422
2022-06-02,442
2022-06-03,284
2022-06-04,535
2022-06-05,455
2022-06-06,231
2022-06-07,363
2022-06-08,234
2022-06-09,419
2022-06-10,257
2022-06-11,465
2022-06-12,435
2022-06-13,392
2022-06-14,413
2022-06-15,490
2022-06-16,468
2022-06-17,494
2022-06-18,538
2022-06-19,497
2022-06-20,409
2022-06-21,408
2022-06-22,464
2022-06-23,505
2022-06-24,505
2022-06-25,560
2022-06-26,498
2022-06-27,453
2022-06-28,471
2022-06-29,436
2022-06-30,455
2022-07-01,492
2022-07-02,513
2022-07-03,505
2022-07-04,456
2022-07-05,473
2022-07-06,500
2022-07-07,456
2022-07-08,482
2022-07-09,582
2022-07-10,547
2022-07-11,473
2022-07-12,271
2022-07-13,368
2022-07-14,392
2022-07-15,480
2022-07-16,573
2022-07-17,600
2022-07-18,479
2022-07-19,452
2022-07-20,490
2022-07-21,453
2022-07-22,524
2022-07-23,478
2022-07-24,466
2022-07-25,389
2022-07-26,484
2022-07-27,270
2022-07-28,369
2022-07-29,415
2022-07-30,505
2022-07-31,339
2022-08-01,430
2022-08-02,461
2022-08-03,452
2022-08-04,498
2022-08-05,480
2022-08-06,545
2022-08-07,494
2022-08-08,411
2022-08-09,415
2022-08-10,391
2022-08-11,427
2022-08-12,461
2022-08-13,542
2022-08-14,498
2022-08-15,275
2022-08-16,461
2022-08-17,490
2022-08-18,437
2022-08-19,506
2022-08-20,538
2022-08-21,493
2022-08-22,291
2022-08-23,485
2022-08-24,419
2022-08-25,475
2022-08-26,477
2022-08-27,540
2022-08-28,488
2022-08-29,382
2022-08-30,484
2022-08-31,392
2022-09-01,406
2022-09-02,448
2022-09-03,460
2022-09-04,465
2022-09-05,250
2022-09-06,227
2022-09-07,331
2022-09-08,240
2022-09-09,435
2022-09-10,502
2022-09-11,455
2022-09-12,387
2022-09-13,402
2022-09-14,397
2022-09-15,401
2022-09-16,495
2022-09-17,315
2022-09-18,265
2022-09-19,236
2022-09-20,369
2022-09-21,364
2022-09-22,262
2022-09-23,457
2022-09-24,519
2022-09-25,472
2022-09-26,432
2022-09-27,501
2022-09-28,264
2022-09-29,255
2022-09-30,440
2022-10-01,446
2022-10-02,258
2022-10-03,340
2022-10-04,220
2022-10-05,356
2022-10-06,297
2022-10-07,315
2022-10-08,410
2022-10-09,475
2022-10-10,368
2022-10-11,356
2022-10-12,220
2022-10-13,356
2022-10-14,374
2022-10-15,443
2022-10-16,210
2022-10-17,329
2022-10-18,308
2022-10-19,289
2022-10-20,298
2022-10-21,301
2022-10-22,344
2022-10-23,205
2022-10-24,175
2022-10-25,344
2022-10-26,326
2022-10-27,361
2022-10-28,199
2022-10-29,364
2022-10-30,182
2022-10-31,168
2022-11-01,277
2022-11-02,178
2022-11-03,290
2022-11-04,346
2022-11-05,378
2022-11-06,346
2022-11-07,199
2022-11-08,316
2022-11-09,323
2022-11-10,370
2022-11-11,209
2022-11-12,397
2022-11-13,243
2022-11-14,334
2022-11-15,318
2022-11-16,274
2022-11-17,158
2022-11-18,279
2022-11-19,227
2022-11-20,348
2022-11-21,303
2022-11-22,205
2022-11-23,322
2022-11-24,298
2022-11-25,346
2022-11-26,327
2022-11-27,187
2022-11-28,276
2022-11-29,253
2022-11-30,160
2022-12-01,193
2022-12-02,228
2022-12-03,387
2022-12-04,249
2022-12-05,198
2022-12-06,187
2022-12-07,212
2022-12-08,197
2022-12-09,285
2022-12-10,202
2022-12-11,228
2022-12-12,139
2022-12-13,156
2022-12-14,307
2022-12-15,190
2022-12-16,293
2022-12-17,346
2022-12-18,213
2022-12-19,280
2022-12-20,273
2022-12-21,136
2022-12-22,216
2022-12-23,301
2022-12-24,300
2022-12-25,166
2022-12-26,258
2022-12-27,252
2022-12-28,157
2022-12-29,215
2022-12-30,137
2022-12-31,174
2023-01-01,341
2023-01-02,254
2023-01-03,207
2023-01-04,151
2023-01-05,139
2023-01-06,205
2023-01-07,231
2023-01-08,183
2023-01-09,143
2023-01-10,236
2023-01-11,125
2023-01-12,251
2023-01-13,157
2023-01-14,166
2023-01-15,224
2023-01-16,140
2023-01-17,133
2023-01-18,157
2023-01-19,224
2023-01-20,123
2023-01-21,170
2023-01-22,179
2023-01-23,254
2023-01-24,236
2023-01-25,148
2023-01-26,251
2023-01-27,243
2023-01-28,250
2023-01-29,275
2023-01-30,207
2023-01-31,241
2023-02-01,244
2023-02-02,241
2023-02-03,144
2023-02-04,224
2023-02-05,166
2023-02-06,130
2023-02-07,208
2023-02-08,261
2023-02-09,156
2023-02-10,176
2023-02-11,227
2023-02-12,300
2023-02-13,165
2023-02-14,228
2023-02-15,183
2023-02-16,294
2023-02-17,270
2023-02-18,327
2023-02-19,275
2023-02-20,149
2023-02-21,248
2023-02-22,262
2023-02-23,281
2023-02-24,214
2023-02-25,467
2023-02-26,210
2023-02-27,251
2023-02-28,234
2023-03-01,212
2023-03-02,140
2023-03-03,256
2023-03-04,207
2023-03-05,317
2023-03-06,259
2023-03-07,267
2023-03-08,150
2023-03-09,257
2023-03-10,332
2023-03-11,380
2023-03-12,313
2023-03-13,243
2023-03-14,280
2023-03-15,275
2023-03-16,292
2023-03-17,367
2023-03-18,285
2023-03-19,368
2023-03-20,318
2023-03-21,210
2023-03-22,227
2023-03-23,326
2023-03-24,233
2023-03-25,479
2023-03-26,392
2023-03-27,248
2023-03-28,154
2023-03-29,278
2023-03-30,189
2023-03-31,362
2023-04-01,371
2023-04-02,235
2023-04-03,356
2023-04-04,320
2023-04-05,272
2023-04-06,284
2023-04-07,225
2023-04-08,459
2023-04-09,264
2023-04-10,353
2023-04-11,359
2023-04-12,318
2023-04-13,317
2023-04-14,332
2023-04-15,423
2023-04-16,405
2023-04-17,245
2023-04-18,215
2023-04-19,392
2023-04-20,230
2023-04-21,421
2023-04-22,474
2023-04-23,291
2023-04-24,349
2023-04-25,219
2023-04-26,338
2023-04-27,231
2023-04-28,256
2023-04-29,469
2023-04-30,458
2023-05-01,386
2023-05-02,345
2023-05-03,395
2023-05-04,400
2023-05-05,439
2023-05-06,321
2023-05-07,444
2023-05-08,424
2023-05-09,419
2023-05-10,396
2023-05-11,412
2023-05-12,406
2023-05-13,296
2023-05-14,466
2023-05-15,364
2023-05-16,343
2023-05-17,252
2023-05-18,389
2023-05-19,308
2023-05-20,535
2023-05-21,536
2023-05-22,298
2023-05-23,506
2023-05-24,463
2023-05-25,439
2023-05-26,462
2023-05-27,612
2023-05-28,545
2023-05-29,408
2023-05-30,479
2023-05-31,463
2023-06-01,504
2023-06-02,345
2023-06-03,561
2023-06-04,484
2023-06-05,348
2023-06-06,491
2023-06-07,476
2023-06-08,485
2023-06-09,511
2023-06-10,641
2023-06-11,625
2023-06-12,288
2023-06-13,503
2023-06-14,489
2023-06-15,466
2023-06-16,315
2023-06-17,609
2023-06-18,553
2023-06-19,485
2023-06-20,483
2023-06-21,498
2023-06-22,511
2023-06-23,528
2023-06-24,616
2023-06-25,628
2023-06-26,317
2023-06-27,498
2023-06-28,620
2023-06-29,572
2023-06-30,579
2023-07-01,703
2023-07-02,394
2023-07-03,424
2023-07-04,537
2023-07-05,574
2023-07-06,580
2023-07-07,553
2023-07-08,420
2023-07-09,690
2023-07-10,504
2023-07-11,532
2023-07-12,576
2023-07-13,538
2023-07-14,544
2023-07-15,694
2023-07-16,367
2023-07-17,474
2023-07-18,535
2023-07-19,542
2023-07-20,514
2023-07-21,486
2023-07-22,584
2023-07-23,548
2023-07-24,451
2023-07-25,495
2023-07-26,511
2023-07-27,312
2023-07-28,504
2023-07-29,608
2023-07-30,308
2023-07-31,524
2023-08-01,536
2023-08-02,524
2023-08-03,556
2023-08-04,609
2023-08-05,669
2023-08-06,533
2023-08-07,470
2023-08-08,461
2023-08-09,506
2023-08-10,551
2023-08-11,539
2023-08-12,408
2023-08-13,421
2023-08-14,521
2023-08-15,353
2023-08-16,573
2023-08-17,523
2023-08-18,537
2023-08-19,698
2023-08-20,394
2023-08-21,564
2023-08-22,513
2023-08-23,346
2023-08-24,515
2023-08-25,504
2023-08-26,600
2023-08-27,589
2023-08-28,495
2023-08-29,467
2023-08-30,557
2023-08-31,534
2023-09-01,509
2023-09-02,356
2023-09-03,298
2023-09-04,461
2023-09-05,430
2023-09-06,469
2023-09-07,310
2023-09-08,496
2023-09-09,385
2023-09-10,538
2023-09-11,401
2023-09-12,428
2023-09-13,283
2023-09-14,468
2023-09-15,515
2023-09-16,615
2023-09-17,563
2023-09-18,272
2023-09-19,400
2023-09-20,429
2023-09-21,393
2023-09-22,300
2023-09-23,560
2023-09-24,491
2023-09-25,380
2023-09-26,442
2023-09-27,432
2023-09-28,436
2023-09-29,436
2023-09-30,523
2023-10-01,263
2023-10-02,414
2023-10-03,427
2023-10-04,425
2023-10-05,387
2023-10-06,393
2023-10-07,502
2023-10-08,316
2023-10-09,256
2023-10-10,426
2023-10-11,407
2023-10-12,398
2023-10-13,436
2023-10-14,522
2023-10-15,441
2023-10-16,434
2023-10-17,396
2023-10-18,459
2023-10-19,272
2023-10-20,451
2023-10-21,536
2023-10-22,416
2023-10-23,352
2023-10-24,333
2023-10-25,220
2023-10-26,355
2023-10-27,236
2023-10-28,431
2023-10-29,498
2023-10-30,409
2023-10-31,426
2023-11-01,268
2023-11-02,412
2023-11-03,458
2023-11-04,496
2023-11-05,426
2023-11-06,217
2023-11-07,341
2023-11-08,398
2023-11-09,238
2023-11-10,380
2023-11-11,460
2023-11-12,228
2023-11-13,217
2023-11-14,324
2023-11-15,190
2023-11-16,328
2023-11-17,340
2023-11-18,422
2023-11-19,280
2023-11-20,336
2023-11-21,392
2023-11-22,209
2023-11-23,190
2023-11-24,194
2023-11-25,246
2023-11-26,333
2023-11-27,265
2023-11-28,281
2023-11-29,300
2023-11-30,308
2023-12-01,340
2023-12-02,440
2023-12-03,389
2023-12-04,176
2023-12-05,282
2023-12-06,328
2023-12-07,334
2023-12-08,181
2023-12-09,222
2023-12-10,209
2023-12-11,193
2023-12-12,170
2023-12-13,295
2023-12-14,170
2023-12-15,285
2023-12-16,310
2023-12-17,205
2023-12-18,145
2023-12-19,239
2023-12-20,217
2023-12-21,190
2023-12-22,250
2023-12-23,350
2023-12-24,319
2023-12-25,166
2023-12-26,321
2023-12-27,323
2023-12-28,273
2023-12-29,174
2023-12-30,345
2023-12-31,347
2024-01-01,328
2024-01-02,159
2024-01-03,298
2024-01-04,261
2024-01-05,261
2024-01-06,324
2024-01-07,254
2024-01-08,285
2024-01-09,159
2024-01-10,327
2024-01-11,340
2024-01-12,218
2024-01-13,394
2024-01-14,208
2024-01-15,171
2024-01-16,303
2024-01-17,301
2024-01-18,181
2024-01-19,353
2024-01-20,239
2024-01-21,196
2024-01-22,232
2024-01-23,186
2024-01-24,155
2024-01-25,227
2024-01-26,170
2024-01-27,344
2024-01-28,218
2024-01-29,282
2024-01-30,281
2024-01-31,264
2024-02-01,149
2024-02-02,168
2024-02-03,356
2024-02-04,362
2024-02-05,281
2024-02-06,155
2024-02-07,156
2024-02-08,252
2024-02-09,214
2024-02-10,334
2024-02-11,316
2024-02-12,266
2024-02-13,253
2024-02-14,273
2024-02-15,200
2024-02-16,323
2024-02-17,233
2024-02-18,223
2024-02-19,188
2024-02-20,358
2024-02-21,340
2024-02-22,283
2024-02-23,322
2024-02-24,380
2024-02-25,221
2024-02-26,175
2024-02-27,263
2024-02-28,258
2024-02-29,200
2024-03-01,382
2024-03-02,417
2024-03-03,248
2024-03-04,350
2024-03-05,308
2024-03-06,326
2024-03-07,196
2024-03-08,222
2024-03-09,398
2024-03-10,346
2024-03-11,248
2024-03-12,252
2024-03-13,270
2024-03-14,196
2024-03-15,299
2024-03-16,373
2024-03-17,230
2024-03-18,326
2024-03-19,350
2024-03-20,333
2024-03-21,377
2024-03-22,408
2024-03-23,292
2024-03-24,259
2024-03-25,303
2024-03-26,225
2024-03-27,338
2024-03-28,340
2024-03-29,259
2024-03-30,481
2024-03-31,365
2024-04-01,322
2024-04-02,343
2024-04-03,178
2024-04-04,356
2024-04-05,377
2024-04-06,462
2024-04-07,421
2024-04-08,184
2024-04-09,214
2024-04-10,457
2024-04-11,452
2024-04-12,272
2024-04-13,509
2024-04-14,281
2024-04-15,242
2024-04-16,446
2024-04-17,230
2024-04-18,402
2024-04-19,432
2024-04-20,470
2024-04-21,476
2024-04-22,397
2024-04-23,289
2024-04-24,433
2024-04-25,274
2024-04-26,526
2024-04-27,538
2024-04-28,332
2024-04-29,416
2024-04-30,385
2024-05-01,416
2024-05-02,450
2024-05-03,289
2024-05-04,607
2024-05-05,635
2024-05-06,488
2024-05-07,468
2024-05-08,301
2024-05-09,476
2024-05-10,459
2024-05-11,567
2024-05-12,388
2024-05-13,324
2024-05-14,482
2024-05-15,332
2024-05-16,481
2024-05-17,510
2024-05-18,587
2024-05-19,599
2024-05-20,460
2024-05-21,446
2024-05-22,477
2024-05-23,627
2024-05-24,331
2024-05-25,648
2024-05-26,656
2024-05-27,302
2024-05-28,466
2024-05-29,499
2024-05-30,510
2024-05-31,492
2024-06-01,670
2024-06-02,588
2024-06-03,592
2024-06-04,495
2024-06-05,319
2024-06-06,573
2024-06-07,478
2024-06-08,634
2024-06-09,602
2024-06-10,508
2024-06-11,531
2024-06-12,543
2024-06-13,547
2024-06-14,522
2024-06-15,672
2024-06-16,813
2024-06-17,656
2024-06-18,678
2024-06-19,601
2024-06-20,547
2024-06-21,601
2024-06-22,693
2024-06-23,690
2024-06-24,568
2024-06-25,520
2024-06-26,536
2024-06-27,585
2024-06-28,615
2024-06-29,785
2024-06-30,435
2024-07-01,579
2024-07-02,613
2024-07-03,556
2024-07-04,573
2024-07-05,610
2024-07-06,757
2024-07-07,779
2024-07-08,585
2024-07-09,600
2024-07-10,528
2024-07-11,524
2024-07-12,590
2024-07-13,605
2024-07-14,424
2024-07-15,663
2024-07-16,456
2024-07-17,352
2024-07-18,611
2024-07-19,612
2024-07-20,662
2024-07-21,600
2024-07-22,482
2024-07-23,311
2024-07-24,539
2024-07-25,561
2024-07-26,528
2024-07-27,667
2024-07-28,538
2024-07-29,322
2024-07-30,519
2024-07-31,576
2024-08-01,511
2024-08-02,621
2024-08-03,665
2024-08-04,601
2024-08-05,482
2024-08-06,310
2024-08-07,508
2024-08-08,556
2024-08-09,556
2024-08-10,703
2024-08-11,701
2024-08-12,526
2024-08-13,342
2024-08-14,568
2024-08-15,549
2024-08-16,559
2024-08-17,688
2024-08-18,674
2024-08-19,605
2024-08-20,635
2024-08-21,593
2024-08-22,619
2024-08-23,615
2024-08-24,794
2024-08-25,403
2024-08-26,365
2024-08-27,484
2024-08-28,499
2024-08-29,504
2024-08-30,424
2024-08-31,632
2024-09-01,659
2024-09-02,582
2024-09-03,339
2024-09-04,349
2024-09-05,657
2024-09-06,695
2024-09-07,771
2024-09-08,751
2024-09-09,604
2024-09-10,529
2024-09-11,552
2024-09-12,557
2024-09-13,350
2024-09-14,557
2024-09-15,552
2024-09-16,465
2024-09-17,493
2024-09-18,469
2024-09-19,468
2024-09-20,465
2024-09-21,609
2024-09-22,320
2024-09-23,274
2024-09-24,463
2024-09-25,408
2024-09-26,289
2024-09-27,455
2024-09-28,552
2024-09-29,515
2024-09-30,406
2024-10-01,359
2024-10-02,233
2024-10-03,473
2024-10-04,481
2024-10-05,560
2024-10-06,519
2024-10-07,389
2024-10-08,381
2024-10-09,380
2024-10-10,402
2024-10-11,409
2024-10-12,517
2024-10-13,520
2024-10-14,291
2024-10-15,271
2024-10-16,292
2024-10-17,406
2024-10-18,404
2024-10-19,477
2024-10-20,304
2024-10-21,434
2024-10-22,272
2024-10-23,265
2024-10-24,271
2024-10-25,448
2024-10-26,523
2024-10-27,492
2024-10-28,383
2024-10-29,240
2024-10-30,429
2024-10-31,242
2024-11-01,252
2024-11-02,249
2024-11-03,428
2024-11-04,434
2024-11-05,409
2024-11-06,360
2024-11-07,235
2024-11-08,329
2024-11-09,417
2024-11-10,411
2024-11-11,363
2024-11-12,234
2024-11-13,394
2024-11-14,234
2024-11-15,237
2024-11-16,464
2024-11-17,261
2024-11-18,190
2024-11-19,327
2024-11-20,378
2024-11-21,436
2024-11-22,462
2024-11-23,476
2024-11-24,409
2024-11-25,235
2024-11-26,368
2024-11-27,333
2024-11-28,334
2024-11-29,213
2024-11-30,439
2024-12-01,240
2024-12-02,205
2024-12-03,319
2024-12-04,376
2024-12-05,373
2024-12-06,427
2024-12-07,320
2024-12-08,406
2024-12-09,287
2024-12-10,297
2024-12-11,245
2024-12-12,336
2024-12-13,182
2024-12-14,439
2024-12-15,303
2024-12-16,280
2024-12-17,283
2024-12-18,279
2024-12-19,266
2024-12-20,204
2024-12-21,368
2024-12-22,218
2024-12-23,286
2024-12-24,178
2024-12-25,296
2024-12-26,193
2024-12-27,209
2024-12-28,262
2024-12-29,372
2024-12-30,296
2024-12-31,183
