order_id,ordered_at,amount
A1000,03.01.2024 05:12,225.73
A1001,04.01.2024 16:13,63.12
A1002,05.01.2024 01:24,35.04
A1003,06.01.2024 00:45,59.19
A1004,06.01.2024 11:54,96.23
A1005,06.01.2024 19:18,113.2
A1006,07.01.2024 14:09,171.81
A1007,09.01.2024 07:54,54.75
A1008,09.01.2024 23:47,130.37
A1009,10.01.2024 11:36,26.48
A1010,11.01.2024 11:52,41.65
A1011,11.01.2024 20:05,31.72
A1012,11.01.2024 20:15,48.76
A1013,12.01.2024 15:31,126.82
A1014,12.01.2024 20:25,55.59
A1015,13.01.2024 01:02,62.43
A1016,13.01.2024 03:20,97.83
A1017,13.01.2024 04:49,110.31
A1018,13.01.2024 09:21,63.64
A1019,13.01.2024 15:13,41.46
A1020,13.01.2024 21:36,203.75
A1021,14.01.2024 00:00,63.9
A1022,15.01.2024 01:41,68.0
A1023,16.01.2024 01:50,73.52
A1024,16.01.2024 11:51,117.48
A1026,17.01.2024 15:25,251.79
A1027,17.01.2024 16:58,66.82
A1028,17.01.2024 22:10,119.91
A1029,19.01.2024 02:29,35.3
A1030,19.01.2024 02:36,91.82
A1031,20.01.2024 14:39,228.62
A1032,20.01.2024 20:21,209.54
A1033,21.01.2024 14:46,118.0
A1034,21.01.2024 16:27,46.7
A1035,22.01.2024 03:51,166.34
A1036,22.01.2024 06:41,26.36
A1037,22.01.2024 08:52,45.64
A1038,23.01.2024 13:06,78.78
A1039,24.01.2024 05:44,27.77
A1040,25.01.2024 01:40,59.11
A1041,25.01.2024 16:33,131.98
A1042,26.01.2024 07:44,51.95
A1043,26.01.2024 12:13,135.78
A1044,26.01.2024 14:48,292.47
A1045,28.01.2024 02:00,105.03
A1046,29.01.2024 13:29,134.35
A1047,29.01.2024 14:26,169.79
A1048,30.01.2024 09:44,62.64
A1049,30.01.2024 23:38,132.42
A1050,31.01.2024 01:55,61.68
A1051,31.01.2024 18:59,100.52
A1052,02.02.2024 16:04,144.73
A1053,02.02.2024 22:57,48.09
A1054,03.02.2024 05:42,17.79
A1055,04.02.2024 00:03,45.24
A1056,04.02.2024 12:27,157.83
A1057,04.02.2024 13:04,41.75
A1058,04.02.2024 14:06,152.54
A1059,05.02.2024 02:23,45.38
A1060,05.02.2024 22:23,72.04
A1061,06.02.2024 13:33,82.23
A1062,07.02.2024 12:21,41.62
A1063,07.02.2024 19:22,72.55
A1064,08.02.2024 01:09,28.79
A1065,08.02.2024 08:57,66.23
A1066,08.02.2024 19:36,78.06
A1067,09.02.2024 21:06,18.19
A1068,10.02.2024 10:22,45.0
A1069,10.02.2024 22:57,98.64
A1070,11.02.2024 10:45,38.68
A1071,12.02.2024 00:09,108.82
A1072,12.02.2024 10:39,115.41
A1073,13.02.2024 00:47,98.38
A1074,13.02.2024 21:02,131.46
A1075,14.02.2024 18:01,27.69
A1076,15.02.2024 00:02,148.69
A1077,15.02.2024 06:50,42.04
A1078,15.02.2024 07:55,88.2
A1079,15.02.2024 18:55,223.17
A1080,15.02.2024 19:53,65.33
A1081,17.02.2024 01:20,83.53
A1082,17.02.2024 19:56,42.21
A1083,19.02.2024 14:57,221.84
A1084,20.02.2024 02:23,45.06
A1085,20.02.2024 08:33,121.59
A1086,20.02.2024 10:27,169.6
A1087,20.02.2024 15:14,128.71
A1088,21.02.2024 11:43,102.14
A1089,23.02.2024 04:25,87.36
A1090,23.02.2024 07:05,35.08
A1091,23.02.2024 10:49,215.89
A1092,23.02.2024 13:25,97.03
A1093,23.02.2024 17:44,83.56
A1094,23.02.2024 18:59,39.96
A1095,23.02.2024 23:58,86.11
A1096,24.02.2024 02:05,80.31
A1098,24.02.2024 19:34,83.53
A1099,24.02.2024 20:55,85.25
A1100,24.02.2024 23:25,40.27
A1101,25.02.2024 06:09,50.82
A1102,25.02.2024 09:06,112.92
A1103,25.02.2024 09:19,24.73
A1104,26.02.2024 00:38,148.2
A1105,26.02.2024 05:21,150.63
A1106,26.02.2024 09:40,47.48
A1107,26.02.2024 18:12,102.37
A1108,26.02.2024 21:16,172.96
A1109,26.02.2024 22:01,76.29
A1110,27.02.2024 08:09,67.62
A1111,27.02.2024 16:19,72.95
A1112,27.02.2024 20:45,96.89
A1113,27.02.2024 22:06,55.07
A1114,28.02.2024 10:01,64.04
A1115,01.03.2024 11:09,98.08
A1116,01.03.2024 17:47,60.77
A1117,01.03.2024 19:24,38.09
A1118,02.03.2024 00:18,23.53
A1119,02.03.2024 01:38,84.55
A1120,02.03.2024 09:00,166.49
A1121,02.03.2024 11:00,105.54
A1122,02.03.2024 22:26,39.01
A1123,03.03.2024 00:08,50.59
A1124,03.03.2024 22:05,67.31
A1125,05.03.2024 12:15,227.48
A1126,07.03.2024 18:50,234.93
A1127,07.03.2024 22:07,218.49
A1128,07.03.2024 23:05,89.96
A1129,08.03.2024 18:18,409.06
A1130,08.03.2024 21:12,52.19
A1131,09.03.2024 00:15,65.76
A1132,09.03.2024 04:15,141.34
A1133,09.03.2024 10:30,98.4
A1134,10.03.2024 01:45,101.88
A1135,10.03.2024 03:52,43.19
A1136,10.03.2024 04:16,79.94
A1137,10.03.2024 13:58,52.68
A1138,11.03.2024 06:50,33.58
A1139,11.03.2024 20:09,56.69
A1140,14.03.2024 16:10,98.42
A1141,15.03.2024 04:43,127.57
A1142,17.03.2024 14:38,23.07
A1143,17.03.2024 21:43,82.3
A1144,17.03.2024 23:12,77.7
A1145,18.03.2024 03:11,95.3
A1146,18.03.2024 11:59,39.47
A1147,18.03.2024 17:52,39.97
A1148,19.03.2024 14:19,169.19
A1149,20.03.2024 20:45,47.88
A1150,20.03.2024 21:09,63.77
A1151,21.03.2024 18:19,67.95
A1152,21.03.2024 22:17,53.31
A1153,22.03.2024 01:13,110.81
A1154,22.03.2024 02:46,105.15
A1155,22.03.2024 13:00,75.55
A1156,22.03.2024 17:03,55.29
A1157,23.03.2024 16:24,71.86
A1158,24.03.2024 05:35,86.63
A1159,24.03.2024 07:10,50.62
A1160,24.03.2024 09:03,115.86
A1161,24.03.2024 17:03,147.54
A1162,25.03.2024 21:24,186.69
A1163,25.03.2024 22:41,179.88
A1164,26.03.2024 00:25,67.68
A1165,26.03.2024 07:09,89.31
A1166,26.03.2024 08:45,74.65
A1167,26.03.2024 09:30,74.48
A1168,26.03.2024 19:36,71.54
A1169,26.03.2024 22:52,83.25
A1170,28.03.2024 08:38,162.26
A1171,28.03.2024 09:07,100.25
A1172,28.03.2024 10:20,38.39
A1173,28.03.2024 16:03,143.81
A1174,28.03.2024 22:15,94.5
A1175,29.03.2024 00:23,111.59
A1176,30.03.2024 14:58,99.04
A1177,30.03.2024 18:19,101.84
A1178,31.03.2024 12:55,104.73
A1179,31.03.2024 16:54,25.81
A1180,02.04.2024 07:17,110.73
A1181,02.04.2024 08:32,52.01
A1182,02.04.2024 12:30,60.65
A1183,02.04.2024 16:04,82.83
A1184,03.04.2024 00:58,204.35
A1185,03.04.2024 03:11,42.58
A1186,03.04.2024 11:23,81.1
A1187,03.04.2024 22:04,70.46
A1189,04.04.2024 17:44,69.24
A1190,04.04.2024 18:48,95.16
A1191,04.04.2024 23:26,42.66
A1192,05.04.2024 00:29,157.13
A1193,05.04.2024 02:54,31.87
A1194,05.04.2024 09:37,109.81
A1195,05.04.2024 15:51,95.53
A1196,05.04.2024 18:20,104.2
A1197,06.04.2024 00:20,32.15
A1198,06.04.2024 17:20,68.35
A1199,06.04.2024 19:33,138.41
A1200,06.04.2024 22:54,222.83
A1201,07.04.2024 21:43,77.39
A1202,07.04.2024 22:06,130.66
A1203,08.04.2024 08:56,89.94
A1204,09.04.2024 00:22,79.9
A1205,09.04.2024 22:25,63.52
A1206,10.04.2024 01:33,83.09
A1207,10.04.2024 15:34,123.72
A1208,11.04.2024 04:54,129.89
A1209,11.04.2024 06:06,36.2
A1210,11.04.2024 06:16,59.98
A1211,12.04.2024 02:28,41.33
A1212,12.04.2024 08:04,85.68
A1213,13.04.2024 17:48,66.84
A1214,13.04.2024 22:37,102.08
A1215,14.04.2024 00:19,106.41
A1216,14.04.2024 03:02,19.27
A1217,14.04.2024 07:52,82.69
A1218,14.04.2024 08:45,164.18
A1219,17.04.2024 21:07,60.0
A1220,18.04.2024 12:11,58.9
A1221,19.04.2024 02:29,147.44
A1222,19.04.2024 09:47,133.52
A1223,19.04.2024 15:29,44.01
A1224,19.04.2024 23:56,125.73
A1225,20.04.2024 08:42,50.26
A1226,21.04.2024 10:50,58.52
A1227,22.04.2024 00:52,43.99
A1228,22.04.2024 13:04,36.02
A1229,23.04.2024 21:35,88.78
A1230,24.04.2024 04:04,32.76
A1231,26.04.2024 11:54,91.0
A1232,26.04.2024 18:15,89.26
A1233,27.04.2024 10:25,75.25
A1234,27.04.2024 15:13,61.78
A1235,27.04.2024 19:36,54.46
A1236,28.04.2024 09:47,40.57
A1237,29.04.2024 06:17,187.52
A1238,30.04.2024 10:52,73.19
A1239,30.04.2024 20:47,71.68
