city,visits
City1,1
City2,2
City3,3
City4,4
City5,5
City6,6
City7,7
City8,8
City9,9
City10,10
City11,11
City12,12
City13,13
City14,14
City15,15
City16,16
City17,17
City18,18
City19,19
City20,20
City21,21
City22,22
City23,23
City24,24
City25,25
City26,26
City27,27
City28,28
City29,29
City30,30
City31,31
City32,32
City33,33
City34,34
City35,35
City36,36
City37,37
City38,38
City39,39
City40,40
City41,41
City42,42
City43,43
City44,44
City45,45
City46,46
City47,47
City48,48
City49,49
City50,50
City51,51
City52,52
City53,53
City54,54
City55,55
City56,56
City57,57
City58,58
City59,59
City60,60
City61,61
City62,62
City63,63
City64,64
City65,65
City66,66
City67,67
City68,68
City69,69
City70,70
City71,71
City72,72
City73,73
City74,74
City75,75
City76,76
City77,77
City78,78
City79,79
City80,80
City81,81
City82,82
City83,83
City84,84
City85,85
City86,86
City87,87
City88,88
City89,89
City90,90
City91,91
City92,92
City93,93
City94,94
City95,95
City96,96
City97,97
City98,98
City99,99
City100,100
City101,101
City102,102
City103,103
City104,104
City105,105
City106,106
City107,107
City108,108
City109,109
City110,110
City111,111
City112,112
City113,113
City114,114
City115,115
City116,116
City117,117
City118,118
City119,119
City120,120
City121,121
City122,122
City123,123
City124,124
City125,125
City126,126
City127,127
City128,128
City129,129
City130,130
City131,131
City132,132
City133,133
City134,134
City135,135
City136,136
City137,137
City138,138
City139,139
City140,140
City141,141
City142,142
City143,143
City144,144
City145,145
City146,146
City147,147
City148,148
City149,149
City150,150
City151,151
City152,152
City153,153
City154,154
City155,155
City156,156
City157,157
City158,158
City159,159
City160,160
City161,161
City162,162
City163,163
City164,164
City165,165
City166,166
City167,167
City168,168
City169,169
City170,170
City171,171
City172,172
City173,173
City174,174
City175,175
City176,176
City177,177
City178,178
City179,179
City180,180
City181,181
City182,182
City183,183
City184,184
City185,185
City186,186
City187,187
City188,188
City189,189
City190,190
City191,191
City192,192
City193,193
City194,194
City195,195
City196,196
City197,197
City198,198
City199,199
City200,200
City201,201
City202,202
City203,203
City204,204
City205,205
City206,206
City207,207
City208,208
City209,209
City210,210
City211,211
City212,212
City213,213
City214,214
City215,215
City216,216
City217,217
City218,218
City219,219
City220,220
City221,221
City222,222
City223,223
City224,224
City225,225
City226,226
City227,227
City228,228
City229,229
City230,230
City231,231
City232,232
City233,233
City234,234
City235,235
City236,236
City237,237
City238,238
City239,239
City240,240
City241,241
City242,242
City243,243
City244,244
City245,245
City246,246
City247,247
City248,248
City249,249
City250,250
City251,251
City252,252
City253,253
City254,254
City255,255
City256,256
City257,257
City258,258
City259,259
City260,260
City261,261
City262,262
City263,263
City264,264
City265,265
City266,266
City267,267
City268,268
City269,269
City270,270
City271,271
City272,272
City273,273
City274,274
City275,275
City276,276
City277,277
City278,278
City279,279
City280,280
City281,281
City282,282
City283,283
City284,284
City285,285
City286,286
City287,287
City288,288
City289,289
City290,290
City291,291
City292,292
City293,293
City294,294
City295,295
City296,296
City297,297
City298,298
City299,299
City300,300
City301,301
City302,302
City303,303
City304,304
City305,305
City306,306
City307,307
City308,308
City309,309
City310,310
City311,311
City312,312
City313,313
City314,314
City315,315
City316,316
City317,317
City318,318
City319,319
City320,320
City321,321
City322,322
City323,323
City324,324
City325,325
City326,326
City327,327
City328,328
City329,329
City330,330
City331,331
City332,332
City333,333
City334,334
City335,335
City336,336
City337,337
City338,338
City339,339
City340,340
City341,341
City342,342
City343,343
City344,344
City345,345
City346,346
City347,347
City348,348
City349,349
City350,350
City351,351
City352,352
City353,353
City354,354
City355,355
City356,356
City357,357
City358,358
City359,359
City360,360
City361,361
City362,362
City363,363
City364,364
City365,365
City366,366
City367,367
City368,368
City369,369
City370,370
City371,371
City372,372
City373,373
City374,374
City375,375
City376,376
City377,377
City378,378
City379,379
City380,380
City381,381
City382,382
City383,383
City384,384
City385,385
City386,386
City387,387
City388,388
City389,389
City390,390
City391,391
City392,392
City393,393
City394,394
City395,395
City396,396
City397,397
City398,398
City399,399
