month,passengers
2013-01,106
2013-02,102
2013-03,115
2013-04,119
2013-05,126
2013-06,139
2013-07,159
2013-08,163
2013-09,136
2013-10,123
2013-11,112
2013-12,123
2014-01,117
2014-02,111
2014-03,128
2014-04,135
2014-05,137
2014-06,155
2014-07,170
2014-08,172
2014-09,147
2014-10,137
2014-11,120
2014-12,136
2015-01,130
2015-02,124
2015-03,136
2015-04,147
2015-05,155
2015-06,174
2015-07,190
2015-08,194
2015-09,166
2015-10,150
2015-11,139
2015-12,148
2016-01,143
2016-02,140
2016-03,156
2016-04,163
2016-05,172
2016-06,192
2016-07,211
2016-08,216
2016-09,191
2016-10,164
2016-11,153
2016-12,167
2017-01,157
2017-02,158
2017-03,177
2017-04,178
2017-05,191
2017-06,215
2017-07,238
2017-08,242
2017-09,206
2017-10,189
2017-11,171
2017-12,182
2018-01,176
2018-02,168
2018-03,194
2018-04,197
2018-05,209
2018-06,235
2018-07,269
2018-08,271
2018-09,223
2018-10,204
2018-11,187
2018-12,197
2019-01,193
2019-02,187
2019-03,219
2019-04,225
2019-05,232
2019-06,259
2019-07,292
2019-08,302
2019-09,252
2019-10,228
2019-11,206
2019-12,225
2020-01,215
2020-02,203
2020-03,237
2020-04,244
2020-05,264
2020-06,292
2020-07,325
2020-08,329
2020-09,279
2020-10,259
2020-11,227
2020-12,253
2021-01,233
2021-02,231
2021-03,254
2021-04,263
2021-05,285
2021-06,315
2021-07,361
2021-08,375
2021-09,306
2021-10,278
2021-11,252
2021-12,280
2022-01,264
2022-02,254
2022-03,294
2022-04,305
2022-05,311
2022-06,354
2022-07,399
2022-08,391
2022-09,346
2022-10,307
2022-11,283
2022-12,308
2023-01,293
2023-02,279
2023-03,321
2023-04,323
2023-05,344
2023-06,395
2023-07,425
2023-08,448
2023-09,369
2023-10,350
2023-11,303
2023-12,345
2024-01,325
2024-02,304
2024-03,364
2024-04,380
2024-05,388
2024-06,432
2024-07,487
2024-08,480
2024-09,430
2024-10,378
2024-11,341
2024-12,371
