date,temp_c,rain
2022-01-01,7.1,1
2022-01-02,6.1,1
2022-01-03,8.6,1
2022-01-04,4.7,0
2022-01-05,3.2,0
2022-01-06,2.8,0
2022-01-07,2.5,1
2022-01-08,2.2,0
2022-01-09,2.9,0
2022-01-10,2.6,0
2022-01-11,3.4,0
2022-01-12,5.0,1
2022-01-13,5.2,0
2022-01-14,5.5,0
2022-01-15,4.0,0
2022-01-16,2.7,0
2022-01-17,3.0,0
2022-01-18,5.3,0
2022-01-19,5.9,1
2022-01-20,7.5,0
2022-01-21,8.5,1
2022-01-22,9.4,1
2022-01-23,7.0,1
2022-01-24,8.5,1
2022-01-25,8.9,0
2022-01-26,11.2,0
2022-01-27,10.5,0
2022-01-28,9.6,1
2022-01-29,8.2,0
2022-01-30,7.7,0
2022-01-31,4.5,0
2022-02-01,4.5,0
2022-02-02,4.9,0
2022-02-03,6.8,0
2022-02-04,5.5,0
2022-02-05,5.9,1
2022-02-06,8.8,0
2022-02-07,7.2,1
2022-02-08,8.2,0
2022-02-09,6.8,0
2022-02-10,6.5,1
2022-02-11,7.2,0
2022-02-12,8.4,1
2022-02-13,7.1,1
2022-02-14,5.3,1
2022-02-15,8.1,1
2022-02-16,8.0,0
2022-02-17,9.0,0
2022-02-18,9.8,0
2022-02-19,10.2,0
2022-02-20,8.9,0
2022-02-21,8.2,1
2022-02-22,5.5,0
2022-02-23,6.3,0
2022-02-24,6.0,0
2022-02-25,6.4,0
2022-02-26,9.8,1
2022-02-27,10.3,0
2022-02-28,9.7,1
2022-03-01,7.0,1
2022-03-02,8.5,1
2022-03-03,10.9,1
2022-03-04,8.8,1
2022-03-05,9.4,1
2022-03-06,8.4,1
2022-03-07,8.3,0
2022-03-08,7.9,0
2022-03-09,5.7,0
2022-03-10,5.9,1
2022-03-11,4.4,1
2022-03-12,8.1,0
2022-03-13,10.2,0
2022-03-14,10.1,1
2022-03-15,10.5,1
2022-03-16,10.4,0
2022-03-17,10.6,0
2022-03-18,10.8,0
2022-03-19,10.3,1
2022-03-20,10.1,0
2022-03-21,8.2,1
2022-03-22,7.4,0
2022-03-23,7.5,0
2022-03-24,8.9,0
2022-03-25,9.0,0
2022-03-26,12.8,1
2022-03-27,12.1,1
2022-03-28,11.4,0
2022-03-29,12.2,1
2022-03-30,13.8,0
2022-03-31,16.2,1
2022-04-01,16.6,0
2022-04-02,14.5,0
2022-04-03,13.7,1
2022-04-04,15.1,0
2022-04-05,14.8,1
2022-04-06,15.6,1
2022-04-07,14.8,1
2022-04-08,16.9,0
2022-04-09,18.2,0
2022-04-10,18.7,1
2022-04-11,17.5,0
2022-04-12,14.0,0
2022-04-13,12.0,1
2022-04-14,13.2,0
2022-04-15,14.7,0
2022-04-16,10.2,0
2022-04-17,10.9,0
2022-04-18,14.0,1
2022-04-19,15.9,1
2022-04-20,15.0,1
2022-04-21,16.2,0
2022-04-22,16.1,1
2022-04-23,15.8,0
2022-04-24,17.6,0
2022-04-25,19.0,0
2022-04-26,17.4,0
2022-04-27,15.7,0
2022-04-28,14.0,0
2022-04-29,12.7,0
2022-04-30,16.1,0
2022-05-01,19.4,0
2022-05-02,19.2,0
2022-05-03,20.4,0
2022-05-04,18.5,1
2022-05-05,18.3,1
2022-05-06,19.6,0
2022-05-07,19.7,0
2022-05-08,19.3,0
2022-05-09,16.5,0
2022-05-10,14.9,0
2022-05-11,15.5,1
2022-05-12,15.7,0
2022-05-13,16.6,0
2022-05-14,16.4,0
2022-05-15,17.0,1
2022-05-16,17.9,0
2022-05-17,19.3,0
2022-05-18,19.6,0
2022-05-19,18.9,0
2022-05-20,18.8,1
2022-05-21,20.7,0
2022-05-22,20.3,1
2022-05-23,18.9,0
2022-05-24,17.9,0
2022-05-25,19.2,0
2022-05-26,20.6,1
2022-05-27,22.7,0
2022-05-28,21.8,0
2022-05-29,23.8,1
2022-05-30,22.6,1
2022-05-31,21.9,0
2022-06-01,21.0,0
2022-06-02,22.1,0
2022-06-03,23.7,1
2022-06-04,23.1,0
2022-06-05,22.1,0
2022-06-06,19.7,1
2022-06-07,20.8,0
2022-06-08,20.8,1
2022-06-09,21.0,0
2022-06-10,20.5,1
2022-06-11,19.8,0
2022-06-12,20.1,0
2022-06-13,21.6,0
2022-06-14,23.6,0
2022-06-15,23.4,0
2022-06-16,23.9,0
2022-06-17,23.4,0
2022-06-18,23.2,0
2022-06-19,21.2,0
2022-06-20,23.2,0
2022-06-21,24.3,0
2022-06-22,26.4,0
2022-06-23,24.6,0
2022-06-24,24.6,0
2022-06-25,22.9,0
2022-06-26,23.6,0
2022-06-27,23.6,0
2022-06-28,24.8,0
2022-06-29,24.3,0
2022-06-30,25.3,0
2022-07-01,24.2,0
2022-07-02,25.2,0
2022-07-03,24.4,0
2022-07-04,23.7,0
2022-07-05,24.1,0
2022-07-06,24.8,0
2022-07-07,22.5,0
2022-07-08,20.7,0
2022-07-09,22.2,0
2022-07-10,22.8,0
2022-07-11,20.2,0
2022-07-12,18.9,1
2022-07-13,19.4,0
2022-07-14,21.5,0
2022-07-15,22.7,0
2022-07-16,24.9,0
2022-07-17,26.6,0
2022-07-18,29.7,0
2022-07-19,26.0,0
2022-07-20,25.5,0
2022-07-21,26.9,0
2022-07-22,24.3,0
2022-07-23,22.2,0
2022-07-24,23.2,0
2022-07-25,25.3,0
2022-07-26,27.1,0
2022-07-27,23.5,1
2022-07-28,22.0,0
2022-07-29,22.6,0
2022-07-30,22.3,0
2022-07-31,23.5,1
2022-08-01,23.9,0
2022-08-02,26.8,0
2022-08-03,26.0,0
2022-08-04,25.7,0
2022-08-05,25.4,0
2022-08-06,26.8,0
2022-08-07,24.2,0
2022-08-08,24.8,0
2022-08-09,23.4,0
2022-08-10,21.3,0
2022-08-11,23.9,0
2022-08-12,24.7,0
2022-08-13,26.6,0
2022-08-14,26.1,0
2022-08-15,26.4,1
2022-08-16,25.8,0
2022-08-17,26.0,0
2022-08-18,24.6,0
2022-08-19,26.9,0
2022-08-20,24.4,0
2022-08-21,26.7,0
2022-08-22,25.3,1
2022-08-23,26.0,0
2022-08-24,25.3,0
2022-08-25,25.2,0
2022-08-26,26.8,0
2022-08-27,25.8,0
2022-08-28,23.3,0
2022-08-29,23.4,0
2022-08-30,24.1,0
2022-08-31,19.7,0
2022-09-01,22.0,0
2022-09-02,23.7,0
2022-09-03,20.4,0
2022-09-04,20.6,0
2022-09-05,22.2,1
2022-09-06,20.2,1
2022-09-07,19.9,0
2022-09-08,19.8,1
2022-09-09,21.1,0
2022-09-10,22.8,0
2022-09-11,22.2,0
2022-09-12,21.8,0
2022-09-13,22.9,0
2022-09-14,23.0,0
2022-09-15,22.1,0
2022-09-16,23.6,0
2022-09-17,20.3,1
2022-09-18,20.4,1
2022-09-19,19.6,1
2022-09-20,18.8,0
2022-09-21,19.3,0
2022-09-22,19.4,1
2022-09-23,23.2,0
2022-09-24,23.0,0
2022-09-25,22.3,0
2022-09-26,23.8,0
2022-09-27,23.8,0
2022-09-28,19.3,1
2022-09-29,19.2,1
2022-09-30,20.0,0
2022-10-01,18.4,0
2022-10-02,18.7,1
2022-10-03,17.7,0
2022-10-04,18.2,1
2022-10-05,15.4,0
2022-10-06,12.8,0
2022-10-07,13.2,0
2022-10-08,14.6,0
2022-10-09,17.3,0
2022-10-10,16.6,0
2022-10-11,15.3,0
2022-10-12,17.0,1
2022-10-13,16.8,0
2022-10-14,19.3,0
2022-10-15,18.1,0
2022-10-16,14.2,1
2022-10-17,13.3,0
2022-10-18,12.3,0
2022-10-19,10.9,0
2022-10-20,10.9,0
2022-10-21,10.9,0
2022-10-22,11.5,0
2022-10-23,11.5,1
2022-10-24,12.9,1
2022-10-25,13.9,0
2022-10-26,14.1,0
2022-10-27,14.3,0
2022-10-28,11.1,1
2022-10-29,9.1,0
2022-10-30,8.9,1
2022-10-31,10.5,1
2022-11-01,8.9,0
2022-11-02,9.4,1
2022-11-03,10.7,0
2022-11-04,14.3,0
2022-11-05,14.1,0
2022-11-06,12.6,0
2022-11-07,14.1,1
2022-11-08,13.7,0
2022-11-09,12.6,0
2022-11-10,14.0,0
2022-11-11,11.7,1
2022-11-12,11.8,0
2022-11-13,11.7,1
2022-11-14,12.8,0
2022-11-15,10.4,0
2022-11-16,8.3,0
2022-11-17,8.3,1
2022-11-18,8.4,0
2022-11-19,9.0,1
2022-11-20,8.6,0
2022-11-21,9.7,0
2022-11-22,10.7,1
2022-11-23,10.7,0
2022-11-24,8.6,0
2022-11-25,10.6,0
2022-11-26,7.7,0
2022-11-27,7.7,1
2022-11-28,9.5,0
2022-11-29,8.3,0
2022-11-30,10.4,1
2022-12-01,12.8,1
2022-12-02,14.0,1
2022-12-03,12.9,0
2022-12-04,13.0,1
2022-12-05,10.7,1
2022-12-06,10.5,1
2022-12-07,10.4,1
2022-12-08,9.7,1
2022-12-09,9.3,0
2022-12-10,8.4,1
2022-12-11,5.0,0
2022-12-12,6.3,1
2022-12-13,7.0,1
2022-12-14,10.3,0
2022-12-15,10.4,1
2022-12-16,9.5,0
2022-12-17,10.1,0
2022-12-18,10.1,1
2022-12-19,9.0,0
2022-12-20,7.7,0
2022-12-21,5.0,1
2022-12-22,5.6,0
2022-12-23,8.4,0
2022-12-24,4.8,0
2022-12-25,3.7,1
2022-12-26,5.7,0
2022-12-27,6.1,0
2022-12-28,6.8,1
2022-12-29,3.6,0
2022-12-30,3.4,1
2022-12-31,4.9,1
2023-01-01,6.1,0
2023-01-02,6.5,0
2023-01-03,4.9,0
2023-01-04,6.0,1
2023-01-05,4.0,1
2023-01-06,3.0,0
2023-01-07,2.0,0
2023-01-08,5.4,1
2023-01-09,4.8,1
2023-01-10,5.1,0
2023-01-11,1.7,1
2023-01-12,4.6,0
2023-01-13,5.6,1
2023-01-14,3.0,1
2023-01-15,1.2,0
2023-01-16,5.1,1
2023-01-17,3.7,1
2023-01-18,7.2,1
2023-01-19,6.0,0
2023-01-20,1.9,1
2023-01-21,4.7,1
2023-01-22,5.8,1
2023-01-23,6.8,0
2023-01-24,5.6,0
2023-01-25,5.3,1
2023-01-26,6.9,0
2023-01-27,5.2,0
2023-01-28,2.2,0
2023-01-29,4.7,0
2023-01-30,4.1,0
2023-01-31,6.6,0
2023-02-01,5.6,0
2023-02-02,5.0,0
2023-02-03,4.9,1
2023-02-04,1.5,0
2023-02-05,4.7,1
2023-02-06,4.1,1
2023-02-07,4.4,0
2023-02-08,7.3,0
2023-02-09,7.2,1
2023-02-10,8.4,1
2023-02-11,8.3,1
2023-02-12,9.0,0
2023-02-13,8.7,1
2023-02-14,9.9,0
2023-02-15,8.6,1
2023-02-16,8.8,0
2023-02-17,7.1,0
2023-02-18,9.0,0
2023-02-19,4.9,0
2023-02-20,5.9,1
2023-02-21,6.9,0
2023-02-22,7.6,0
2023-02-23,7.5,0
2023-02-24,9.7,1
2023-02-25,12.5,0
2023-02-26,10.1,1
2023-02-27,6.4,0
2023-02-28,5.1,0
2023-03-01,4.7,0
2023-03-02,5.5,1
2023-03-03,6.3,0
2023-03-04,8.7,1
2023-03-05,7.9,0
2023-03-06,8.1,0
2023-03-07,8.5,0
2023-03-08,7.2,1
2023-03-09,7.3,0
2023-03-10,12.2,0
2023-03-11,11.2,0
2023-03-12,9.1,0
2023-03-13,5.8,0
2023-03-14,8.6,0
2023-03-15,8.5,0
2023-03-16,7.9,0
2023-03-17,12.5,0
2023-03-18,14.1,1
2023-03-19,10.3,0
2023-03-20,9.8,0
2023-03-21,11.6,1
2023-03-22,12.7,1
2023-03-23,10.4,0
2023-03-24,13.5,1
2023-03-25,15.8,0
2023-03-26,12.7,0
2023-03-27,9.5,0
2023-03-28,8.0,1
2023-03-29,10.2,0
2023-03-30,12.5,1
2023-03-31,12.7,0
2023-04-01,11.6,0
2023-04-02,11.7,1
2023-04-03,12.9,0
2023-04-04,10.9,0
2023-04-05,8.8,0
2023-04-06,10.0,0
2023-04-07,12.9,1
2023-04-08,13.4,0
2023-04-09,13.8,1
2023-04-10,12.7,0
2023-04-11,14.5,0
2023-04-12,11.7,0
2023-04-13,12.3,0
2023-04-14,12.0,0
2023-04-15,12.5,0
2023-04-16,11.7,0
2023-04-17,13.9,1
2023-04-18,14.1,1
2023-04-19,13.5,0
2023-04-20,14.8,1
2023-04-21,15.0,0
2023-04-22,14.3,0
2023-04-23,13.8,1
2023-04-24,15.7,0
2023-04-25,14.4,1
2023-04-26,14.6,0
2023-04-27,14.7,1
2023-04-28,15.8,1
2023-04-29,15.8,0
2023-04-30,19.6,0
2023-05-01,16.0,0
2023-05-02,17.4,0
2023-05-03,17.3,0
2023-05-04,19.2,0
2023-05-05,16.1,0
2023-05-06,18.6,1
2023-05-07,16.2,0
2023-05-08,17.9,0
2023-05-09,18.9,0
2023-05-10,18.8,0
2023-05-11,17.6,0
2023-05-12,16.6,0
2023-05-13,17.5,1
2023-05-14,16.8,0
2023-05-15,14.4,0
2023-05-16,13.0,0
2023-05-17,16.2,1
2023-05-18,18.6,0
2023-05-19,19.8,1
2023-05-20,19.9,0
2023-05-21,20.6,0
2023-05-22,21.3,1
2023-05-23,21.4,0
2023-05-24,19.9,0
2023-05-25,19.0,0
2023-05-26,17.7,0
2023-05-27,18.9,0
2023-05-28,18.0,0
2023-05-29,18.7,0
2023-05-30,21.6,0
2023-05-31,20.9,0
2023-06-01,22.7,0
2023-06-02,24.9,1
2023-06-03,21.1,0
2023-06-04,19.0,0
2023-06-05,20.7,0
2023-06-06,20.0,0
2023-06-07,21.6,0
2023-06-08,22.9,1
2023-06-09,22.0,0
2023-06-10,23.5,0
2023-06-11,26.1,0
2023-06-12,26.6,1
2023-06-13,24.1,0
2023-06-14,23.6,0
2023-06-15,22.6,0
2023-06-16,25.3,1
2023-06-17,24.4,0
2023-06-18,23.0,0
2023-06-19,23.2,0
2023-06-20,24.1,0
2023-06-21,23.4,0
2023-06-22,23.7,0
2023-06-23,23.7,0
2023-06-24,24.9,0
2023-06-25,26.2,0
2023-06-26,26.0,1
2023-06-27,24.7,0
2023-06-28,25.2,0
2023-06-29,23.5,0
2023-06-30,25.4,0
2023-07-01,25.6,0
2023-07-02,25.7,1
2023-07-03,21.4,0
2023-07-04,26.1,0
2023-07-05,28.0,0
2023-07-06,29.0,0
2023-07-07,27.9,0
2023-07-08,28.0,1
2023-07-09,31.6,0
2023-07-10,28.4,0
2023-07-11,28.5,0
2023-07-12,28.4,0
2023-07-13,27.5,0
2023-07-14,27.3,0
2023-07-15,25.0,0
2023-07-16,26.0,1
2023-07-17,23.6,0
2023-07-18,26.9,0
2023-07-19,27.6,0
2023-07-20,25.5,0
2023-07-21,22.0,0
2023-07-22,23.0,0
2023-07-23,24.4,0
2023-07-24,23.0,0
2023-07-25,26.3,0
2023-07-26,26.3,0
2023-07-27,25.2,1
2023-07-28,22.8,0
2023-07-29,23.3,0
2023-07-30,23.4,1
2023-07-31,24.9,0
2023-08-01,26.6,0
2023-08-02,26.1,0
2023-08-03,26.4,0
2023-08-04,28.2,0
2023-08-05,28.1,0
2023-08-06,26.6,0
2023-08-07,27.0,0
2023-08-08,25.4,0
2023-08-09,25.8,0
2023-08-10,25.5,0
2023-08-11,23.4,0
2023-08-12,24.6,1
2023-08-13,24.6,1
2023-08-14,25.6,0
2023-08-15,23.0,1
2023-08-16,25.1,0
2023-08-17,26.5,0
2023-08-18,25.2,0
2023-08-19,24.6,0
2023-08-20,24.3,1
2023-08-21,24.1,0
2023-08-22,25.2,0
2023-08-23,23.5,1
2023-08-24,21.6,0
2023-08-25,21.6,0
2023-08-26,25.1,0
2023-08-27,23.8,0
2023-08-28,21.9,0
2023-08-29,20.6,0
2023-08-30,21.5,0
2023-08-31,23.6,0
2023-09-01,22.0,0
2023-09-02,22.3,1
2023-09-03,22.6,1
2023-09-04,23.1,0
2023-09-05,22.9,0
2023-09-06,24.2,0
2023-09-07,24.5,1
2023-09-08,22.6,0
2023-09-09,26.1,1
2023-09-10,22.4,0
2023-09-11,19.8,0
2023-09-12,21.8,0
2023-09-13,21.8,1
2023-09-14,21.0,0
2023-09-15,21.1,0
2023-09-16,22.0,0
2023-09-17,20.7,0
2023-09-18,19.5,1
2023-09-19,17.9,0
2023-09-20,17.1,0
2023-09-21,16.5,0
2023-09-22,19.2,1
2023-09-23,19.7,0
2023-09-24,20.4,0
2023-09-25,19.0,0
2023-09-26,20.6,0
2023-09-27,17.5,0
2023-09-28,18.6,0
2023-09-29,19.6,0
2023-09-30,18.2,0
2023-10-01,16.5,1
2023-10-02,17.7,0
2023-10-03,16.6,0
2023-10-04,15.4,0
2023-10-05,15.9,0
2023-10-06,14.5,0
2023-10-07,15.0,0
2023-10-08,18.8,1
2023-10-09,17.5,1
2023-10-10,18.6,0
2023-10-11,16.3,0
2023-10-12,16.4,0
2023-10-13,15.8,0
2023-10-14,15.6,0
2023-10-15,16.8,0
2023-10-16,19.9,0
2023-10-17,18.3,0
2023-10-18,19.5,0
2023-10-19,18.7,1
2023-10-20,18.7,0
2023-10-21,16.8,0
2023-10-22,15.0,0
2023-10-23,14.5,0
2023-10-24,13.2,0
2023-10-25,13.4,1
2023-10-26,11.9,0
2023-10-27,12.4,1
2023-10-28,13.0,0
2023-10-29,16.1,0
2023-10-30,18.0,0
2023-10-31,17.3,0
2023-11-01,15.2,1
2023-11-02,15.4,0
2023-11-03,15.9,0
2023-11-04,14.6,0
2023-11-05,12.5,0
2023-11-06,9.5,1
2023-11-07,10.2,0
2023-11-08,13.8,0
2023-11-09,12.8,1
2023-11-10,13.1,0
2023-11-11,13.1,0
2023-11-12,13.4,1
2023-11-13,13.9,1
2023-11-14,9.8,0
2023-11-15,9.9,1
2023-11-16,10.7,0
2023-11-17,10.5,0
2023-11-18,12.4,0
2023-11-19,11.2,1
2023-11-20,12.3,0
2023-11-21,14.5,0
2023-11-22,12.7,1
2023-11-23,11.9,1
2023-11-24,10.7,1
2023-11-25,11.6,1
2023-11-26,7.5,0
2023-11-27,5.7,0
2023-11-28,6.3,0
2023-11-29,8.5,0
2023-11-30,9.6,0
2023-12-01,8.0,0
2023-12-02,10.8,0
2023-12-03,10.3,0
2023-12-04,8.8,1
2023-12-05,9.5,0
2023-12-06,11.2,0
2023-12-07,10.2,0
2023-12-08,7.1,1
2023-12-09,6.5,1
2023-12-10,7.1,1
2023-12-11,8.8,1
2023-12-12,6.8,1
2023-12-13,7.5,0
2023-12-14,5.6,1
2023-12-15,6.3,0
2023-12-16,4.5,0
2023-12-17,4.6,1
2023-12-18,2.9,1
2023-12-19,2.6,0
2023-12-20,1.4,0
2023-12-21,-0.1,0
2023-12-22,3.9,0
2023-12-23,6.7,0
2023-12-24,7.5,0
2023-12-25,6.7,1
2023-12-26,9.0,0
2023-12-27,7.8,0
2023-12-28,8.1,0
2023-12-29,9.5,1
2023-12-30,8.9,0
2023-12-31,10.5,0
2024-01-01,9.0,0
2024-01-02,8.0,1
2024-01-03,7.7,0
2024-01-04,5.4,0
2024-01-05,3.9,0
2024-01-06,5.9,0
2024-01-07,3.2,0
2024-01-08,5.9,0
2024-01-09,6.4,1
2024-01-10,8.2,0
2024-01-11,8.8,0
2024-01-12,9.0,1
2024-01-13,10.9,0
2024-01-14,9.3,1
2024-01-15,8.2,1
2024-01-16,9.4,0
2024-01-17,7.3,0
2024-01-18,8.8,1
2024-01-19,9.1,0
2024-01-20,7.4,1
2024-01-21,5.0,1
2024-01-22,2.1,0
2024-01-23,6.3,1
2024-01-24,3.9,1
2024-01-25,2.6,0
2024-01-26,5.1,1
2024-01-27,6.2,0
2024-01-28,6.6,1
2024-01-29,6.6,0
2024-01-30,5.8,0
2024-01-31,4.5,0
2024-02-01,3.9,1
2024-02-02,5.6,1
2024-02-03,7.6,0
2024-02-04,9.2,0
2024-02-05,8.3,0
2024-02-06,4.2,1
2024-02-07,5.8,1
2024-02-08,5.8,0
2024-02-09,1.8,0
2024-02-10,5.5,0
2024-02-11,6.3,0
2024-02-12,6.4,0
2024-02-13,6.9,0
2024-02-14,7.2,0
2024-02-15,7.6,1
2024-02-16,7.7,0
2024-02-17,7.6,1
2024-02-18,8.5,1
2024-02-19,8.8,1
2024-02-20,12.3,0
2024-02-21,11.2,0
2024-02-22,9.4,0
2024-02-23,8.0,0
2024-02-24,8.7,0
2024-02-25,8.7,1
2024-02-26,9.0,1
2024-02-27,8.5,0
2024-02-28,8.3,0
2024-02-29,9.6,1
2024-03-01,11.6,0
2024-03-02,11.3,0
2024-03-03,10.5,1
2024-03-04,8.2,0
2024-03-05,6.7,0
2024-03-06,7.6,0
2024-03-07,7.8,1
2024-03-08,8.2,1
2024-03-09,6.9,0
2024-03-10,7.6,0
2024-03-11,5.2,0
2024-03-12,4.7,0
2024-03-13,5.1,0
2024-03-14,7.6,1
2024-03-15,7.5,0
2024-03-16,6.9,0
2024-03-17,8.5,1
2024-03-18,9.0,0
2024-03-19,11.1,0
2024-03-20,11.6,0
2024-03-21,11.8,0
2024-03-22,11.4,0
2024-03-23,12.5,1
2024-03-24,11.0,1
2024-03-25,8.8,0
2024-03-26,11.2,1
2024-03-27,10.7,0
2024-03-28,11.2,0
2024-03-29,12.5,1
2024-03-30,14.1,0
2024-03-31,9.0,0
2024-04-01,8.5,0
2024-04-02,11.8,0
2024-04-03,9.4,1
2024-04-04,11.3,0
2024-04-05,11.4,0
2024-04-06,10.6,0
2024-04-07,11.3,0
2024-04-08,9.4,1
2024-04-09,11.4,1
2024-04-10,14.1,0
2024-04-11,11.9,0
2024-04-12,11.6,1
2024-04-13,14.4,0
2024-04-14,15.2,1
2024-04-15,14.6,1
2024-04-16,17.1,0
2024-04-17,13.8,1
2024-04-18,13.9,0
2024-04-19,14.6,0
2024-04-20,14.4,0
2024-04-21,16.2,0
2024-04-22,13.5,0
2024-04-23,14.4,1
2024-04-24,13.7,0
2024-04-25,16.5,1
2024-04-26,18.3,0
2024-04-27,16.7,0
2024-04-28,15.0,1
2024-04-29,15.6,0
2024-04-30,14.8,0
2024-05-01,14.7,0
2024-05-02,16.3,0
2024-05-03,16.0,1
2024-05-04,19.5,0
2024-05-05,19.2,0
2024-05-06,18.1,0
2024-05-07,16.5,0
2024-05-08,16.3,1
2024-05-09,18.8,0
2024-05-10,19.7,0
2024-05-11,21.8,0
2024-05-12,23.2,1
2024-05-13,22.9,1
2024-05-14,20.8,0
2024-05-15,20.2,1
2024-05-16,20.2,0
2024-05-17,17.5,0
2024-05-18,18.8,0
2024-05-19,17.6,0
2024-05-20,18.3,0
2024-05-21,18.1,0
2024-05-22,19.8,0
2024-05-23,24.3,0
2024-05-24,21.4,1
2024-05-25,21.3,0
2024-05-26,24.5,0
2024-05-27,22.1,1
2024-05-28,21.5,0
2024-05-29,21.4,0
2024-05-30,22.0,0
2024-05-31,19.3,0
2024-06-01,20.6,0
2024-06-02,22.0,0
2024-06-03,26.2,0
2024-06-04,24.9,0
2024-06-05,23.2,1
2024-06-06,23.2,0
2024-06-07,18.9,0
2024-06-08,20.6,0
2024-06-09,23.8,0
2024-06-10,23.5,0
2024-06-11,23.3,0
2024-06-12,22.8,0
2024-06-13,23.2,0
2024-06-14,21.2,0
2024-06-15,24.4,0
2024-06-16,23.4,0
2024-06-17,22.7,0
2024-06-18,25.7,0
2024-06-19,25.1,0
2024-06-20,24.1,0
2024-06-21,26.7,0
2024-06-22,26.2,0
2024-06-23,27.1,0
2024-06-24,25.3,0
2024-06-25,22.1,0
2024-06-26,23.1,0
2024-06-27,25.8,0
2024-06-28,24.6,0
2024-06-29,25.2,0
2024-06-30,26.1,1
2024-07-01,26.1,0
2024-07-02,25.8,0
2024-07-03,26.7,0
2024-07-04,26.5,0
2024-07-05,25.1,0
2024-07-06,26.7,0
2024-07-07,27.4,0
2024-07-08,27.3,0
2024-07-09,27.7,0
2024-07-10,22.7,0
2024-07-11,23.8,0
2024-07-12,24.2,0
2024-07-13,21.2,0
2024-07-14,25.7,1
2024-07-15,26.1,0
2024-07-16,25.0,0
2024-07-17,24.4,1
2024-07-18,25.0,0
2024-07-19,25.0,0
2024-07-20,22.4,0
2024-07-21,22.6,0
2024-07-22,24.0,0
2024-07-23,25.3,1
2024-07-24,26.6,0
2024-07-25,24.4,0
2024-07-26,23.6,0
2024-07-27,24.6,0
2024-07-28,23.7,0
2024-07-29,24.4,1
2024-07-30,23.2,0
2024-07-31,24.6,0
2024-08-01,24.8,0
2024-08-02,25.7,0
2024-08-03,25.5,0
2024-08-04,24.0,0
2024-08-05,22.2,0
2024-08-06,23.0,1
2024-08-07,22.5,0
2024-08-08,20.7,0
2024-08-09,20.9,0
2024-08-10,23.3,0
2024-08-11,25.6,0
2024-08-12,26.4,0
2024-08-13,27.9,1
2024-08-14,26.2,0
2024-08-15,25.3,0
2024-08-16,23.4,0
2024-08-17,22.3,0
2024-08-18,25.4,0
2024-08-19,25.6,0
2024-08-20,26.1,0
2024-08-21,29.5,0
2024-08-22,30.8,0
2024-08-23,27.2,0
2024-08-24,27.6,0
2024-08-25,25.1,1
2024-08-26,26.1,1
2024-08-27,22.2,0
2024-08-28,20.9,0
2024-08-29,20.0,0
2024-08-30,24.0,1
2024-08-31,20.8,0
2024-09-01,23.1,0
2024-09-02,24.6,0
2024-09-03,24.1,1
2024-09-04,24.8,1
2024-09-05,28.2,0
2024-09-06,26.7,0
2024-09-07,24.8,0
2024-09-08,26.0,0
2024-09-09,25.9,0
2024-09-10,22.7,0
2024-09-11,22.6,0
2024-09-12,22.6,0
2024-09-13,20.3,1
2024-09-14,18.9,0
2024-09-15,18.4,0
2024-09-16,17.1,0
2024-09-17,18.9,0
2024-09-18,19.8,0
2024-09-19,16.3,0
2024-09-20,16.7,0
2024-09-21,17.9,0
2024-09-22,16.2,1
2024-09-23,16.7,1
2024-09-24,18.0,0
2024-09-25,15.6,0
2024-09-26,16.1,1
2024-09-27,13.1,0
2024-09-28,16.0,0
2024-09-29,15.5,0
2024-09-30,14.0,0
2024-10-01,12.3,0
2024-10-02,11.3,1
2024-10-03,15.3,0
2024-10-04,14.6,0
2024-10-05,14.5,0
2024-10-06,14.7,0
2024-10-07,12.9,0
2024-10-08,15.4,0
2024-10-09,11.7,0
2024-10-10,14.6,0
2024-10-11,13.9,0
2024-10-12,14.6,0
2024-10-13,15.5,0
2024-10-14,17.0,1
2024-10-15,14.5,1
2024-10-16,15.8,1
2024-10-17,15.6,0
2024-10-18,15.2,0
2024-10-19,14.7,0
2024-10-20,16.5,1
2024-10-21,16.7,0
2024-10-22,18.1,1
2024-10-23,18.4,1
2024-10-24,13.9,1
2024-10-25,13.8,0
2024-10-26,15.4,0
2024-10-27,13.4,0
2024-10-28,10.7,0
2024-10-29,7.7,1
2024-10-30,12.6,0
2024-10-31,11.2,1
2024-11-01,11.9,1
2024-11-02,10.4,1
2024-11-03,11.7,0
2024-11-04,14.6,0
2024-11-05,11.5,0
2024-11-06,11.5,0
2024-11-07,10.4,1
2024-11-08,7.7,0
2024-11-09,7.4,0
2024-11-10,8.7,0
2024-11-11,11.4,0
2024-11-12,13.4,1
2024-11-13,12.7,0
2024-11-14,9.4,1
2024-11-15,10.9,1
2024-11-16,10.8,0
2024-11-17,10.6,1
2024-11-18,8.7,1
2024-11-19,8.8,0
2024-11-20,12.4,0
2024-11-21,14.1,0
2024-11-22,14.9,0
2024-11-23,14.4,0
2024-11-24,12.3,0
2024-11-25,11.4,1
2024-11-26,11.0,0
2024-11-27,11.1,0
2024-11-28,9.9,0
2024-11-29,8.2,1
2024-11-30,10.2,0
2024-12-01,9.1,1
2024-12-02,10.3,1
2024-12-03,9.5,0
2024-12-04,10.2,0
2024-12-05,10.5,0
2024-12-06,11.0,0
2024-12-07,11.2,1
2024-12-08,8.7,0
2024-12-09,6.2,0
2024-12-10,6.6,0
2024-12-11,9.6,1
2024-12-12,7.6,0
2024-12-13,6.0,1
2024-12-14,10.1,0
2024-12-15,6.7,0
2024-12-16,5.9,0
2024-12-17,5.6,0
2024-12-18,4.9,0
2024-12-19,4.5,0
2024-12-20,6.9,1
2024-12-21,7.2,0
2024-12-22,7.4,1
2024-12-23,4.5,0
2024-12-24,6.4,1
2024-12-25,6.7,0
2024-12-26,6.9,1
2024-12-27,8.1,1
2024-12-28,8.1,1
2024-12-29,7.5,0
2024-12-30,7.8,0
2024-12-31,6.2,1
