month,store,target
2024-01,A,9300
2024-02,A,9360
2024-03,A,9410
2024-04,A,9470
2024-05,A,9530
2024-06,A,9580
2024-07,A,9640
2024-08,A,9700
2024-09,A,9760
2024-10,A,9810
2024-11,A,9870
2024-12,A,9930
2024-01,B,5400
2024-02,B,5400
2024-03,B,5400
2024-04,B,5400
2024-05,B,5400
2024-06,B,5400
2024-07,B,5400
2024-08,B,5400
2024-09,B,5400
2024-10,B,5400
2024-11,B,5400
2024-12,B,5400
2024-01,C,6300
2024-02,C,6270
2024-03,C,6240
2024-04,C,6210
2024-05,C,6170
2024-06,C,6140
2024-07,C,6110
2024-08,C,6080
2024-09,C,6050
2024-10,C,6020
2024-11,C,5990
2024-12,C,5960
2024-05,D,4200
2024-06,D,4450
2024-07,D,4720
2024-08,D,5000
2024-09,D,5300
2024-10,D,5620
2024-11,D,5960
2024-12,D,6320
