order_id,ordered_at,delivered_on,amount
A1000,03.01.2024 05:12,2024-01-07,225.73
A1001,04.01.2024 16:13,2024-01-05,63.12
A1002,05.01.2024 01:24,2024-01-07,35.04
A1003,06.01.2024 00:45,2024-01-09,59.19
A1004,06.01.2024 11:54,2024-01-10,96.23
A1005,06.01.2024 19:18,2024-01-08,113.2
A1006,07.01.2024 14:09,2024-01-09,171.81
A1007,09.01.2024 07:54,2024-01-12,54.75
A1008,09.01.2024 23:47,2024-01-10,130.37
A1009,10.01.2024 11:36,2024-01-12,26.48
A1010,11.01.2024 11:52,2024-01-16,41.65
A1011,11.01.2024 20:05,2024-01-14,31.72
A1012,11.01.2024 20:15,2024-01-12,48.76
A1013,12.01.2024 15:31,2024-01-13,126.82
A1014,12.01.2024 20:25,2024-01-14,55.59
A1015,13.01.2024 01:02,2024-01-16,62.43
A1016,13.01.2024 03:20,2024-01-14,97.83
A1017,13.01.2024 04:49,not delivered,110.31
A1018,13.01.2024 09:21,2024-01-15,63.64
A1019,13.01.2024 15:13,2024-01-15,41.46
A1020,13.01.2024 21:36,2024-01-15,203.75
A1021,14.01.2024 00:00,2024-01-15,63.9
A1022,15.01.2024 01:41,2024-01-20,68.0
A1023,16.01.2024 01:50,2024-01-19,73.52
A1024,16.01.2024 11:51,2024-01-19,117.48
A1025,31.02.2024 10:15,2024-01-19,30.2
A1026,17.01.2024 15:25,2024-01-19,251.79
A1027,17.01.2024 16:58,2024-01-19,66.82
A1028,17.01.2024 22:10,2024-01-18,119.91
A1029,19.01.2024 02:29,2024-01-23,35.3
A1030,19.01.2024 02:36,2024-01-21,91.82
A1031,20.01.2024 14:39,2024-01-24,228.62
A1032,20.01.2024 20:21,2024-01-22,209.54
A1033,21.01.2024 14:46,2024-01-24,118.0
A1034,21.01.2024 16:27,2024-01-23,46.7
A1035,22.01.2024 03:51,2024-01-23,166.34
A1036,22.01.2024 06:41,2024-01-26,26.36
A1037,22.01.2024 08:52,2024-01-24,45.64
A1038,23.01.2024 13:06,2024-01-24,78.78
A1039,24.01.2024 05:44,2024-01-27,27.77
A1040,25.01.2024 01:40,2024-01-27,59.11
A1041,25.01.2024 16:33,2024-01-28,131.98
A1042,26.01.2024 07:44,2024-01-28,51.95
A1043,26.01.2024 12:13,2024-01-27,135.78
A1044,26.01.2024 14:48,,292.47
A1045,28.01.2024 02:00,2024-01-29,105.03
A1046,29.01.2024 13:29,2024-02-01,134.35
A1047,29.01.2024 14:26,2024-01-31,169.79
A1048,30.01.2024 09:44,2024-02-02,62.64
A1049,30.01.2024 23:38,2024-02-01,132.42
A1050,31.01.2024 01:55,2024-02-02,61.68
A1051,31.01.2024 18:59,2024-02-02,100.52
A1052,02.02.2024 16:04,2024-02-04,144.73
A1053,02.02.2024 22:57,2024-02-05,48.09
A1054,03.02.2024 05:42,2024-02-05,17.79
A1055,04.02.2024 00:03,2024-02-10,45.24
A1056,04.02.2024 12:27,2024-02-05,157.83
A1057,04.02.2024 13:04,2024-02-05,41.75
A1058,04.02.2024 14:06,not delivered,152.54
A1059,05.02.2024 02:23,2024-02-06,45.38
A1060,05.02.2024 22:23,2024-02-06,72.04
A1061,06.02.2024 13:33,2024-02-07,82.23
A1062,07.02.2024 12:21,2024-02-13,41.62
A1063,07.02.2024 19:22,2024-02-09,72.55
A1064,08.02.2024 01:09,2024-02-08,28.79
A1065,08.02.2024 08:57,2024-02-13,66.23
A1066,08.02.2024 19:36,2024-02-09,78.06
A1067,09.02.2024 21:06,2024-02-17,18.19
A1068,10.02.2024 10:22,2024-02-12,45.0
A1069,10.02.2024 22:57,2024-02-15,98.64
A1070,11.02.2024 10:45,2024-02-13,38.68
A1071,12.02.2024 00:09,2024-02-14,108.82
A1072,12.02.2024 10:39,2024-02-14,115.41
A1073,13.02.2024 00:47,2024-02-14,98.38
A1074,13.02.2024 21:02,2024-02-16,131.46
A1075,14.02.2024 18:01,2024-02-17,27.69
A1076,15.02.2024 00:02,2024-02-17,148.69
A1077,15.02.2024 06:50,2024-02-17,42.04
A1078,15.02.2024 07:55,2024-02-16,88.2
A1079,15.02.2024 18:55,2024-02-17,223.17
A1080,15.02.2024 19:53,2024-02-20,65.33
A1081,17.02.2024 01:20,2024-02-18,83.53
A1082,17.02.2024 19:56,2024-02-20,42.21
A1083,19.02.2024 14:57,2024-02-23,221.84
A1084,20.02.2024 02:23,2024-02-22,45.06
A1085,20.02.2024 08:33,2024-02-23,121.59
A1086,20.02.2024 10:27,2024-02-21,169.6
A1087,20.02.2024 15:14,2024-02-22,128.71
A1088,21.02.2024 11:43,2024-02-23,102.14
A1089,23.02.2024 04:25,2024-02-24,87.36
A1090,23.02.2024 07:05,2024-02-27,35.08
A1091,23.02.2024 10:49,2024-02-25,215.89
A1092,23.02.2024 13:25,2024-02-25,97.03
A1093,23.02.2024 17:44,2024-02-24,83.56
A1094,23.02.2024 18:59,2024-02-28,39.96
A1095,23.02.2024 23:58,2024-02-27,86.11
A1096,24.02.2024 02:05,2024-02-26,80.31
A1097,unknown,2024-02-26,223.17
A1098,24.02.2024 19:34,2024-02-27,83.53
A1099,24.02.2024 20:55,2024-02-28,85.25
A1100,24.02.2024 23:25,2024-02-29,40.27
A1101,25.02.2024 06:09,2024-02-28,50.82
A1102,25.02.2024 09:06,2024-02-27,112.92
A1103,25.02.2024 09:19,2024-02-28,24.73
A1104,26.02.2024 00:38,2024-02-29,148.2
A1105,26.02.2024 05:21,2024-02-28,150.63
A1106,26.02.2024 09:40,2024-02-29,47.48
A1107,26.02.2024 18:12,2024-02-29,102.37
A1108,26.02.2024 21:16,2024-02-28,172.96
A1109,26.02.2024 22:01,2024-02-28,76.29
A1110,27.02.2024 08:09,2024-03-01,67.62
A1111,27.02.2024 16:19,2024-02-28,72.95
A1112,27.02.2024 20:45,2024-02-28,96.89
A1113,27.02.2024 22:06,2024-03-01,55.07
A1114,28.02.2024 10:01,2024-03-02,64.04
A1115,01.03.2024 11:09,2024-03-03,98.08
A1116,01.03.2024 17:47,2024-03-04,60.77
A1117,01.03.2024 19:24,2024-03-04,38.09
A1118,02.03.2024 00:18,2024-03-06,23.53
A1119,02.03.2024 01:38,2024-03-05,84.55
A1120,02.03.2024 09:00,2024-03-05,166.49
A1121,02.03.2024 11:00,2024-03-04,105.54
A1122,02.03.2024 22:26,2024-03-05,39.01
A1123,03.03.2024 00:08,2024-03-04,50.59
A1124,03.03.2024 22:05,2024-03-06,67.31
A1125,05.03.2024 12:15,2024-03-06,227.48
A1126,07.03.2024 18:50,2024-03-11,234.93
A1127,07.03.2024 22:07,2024-03-09,218.49
A1128,07.03.2024 23:05,2024-03-11,89.96
A1129,08.03.2024 18:18,2024-03-12,409.06
A1130,08.03.2024 21:12,2024-03-11,52.19
A1131,09.03.2024 00:15,not delivered,65.76
A1132,09.03.2024 04:15,2024-03-09,141.34
A1133,09.03.2024 10:30,2024-03-11,98.4
A1134,10.03.2024 01:45,2024-03-13,101.88
A1135,10.03.2024 03:52,2024-03-11,43.19
A1136,10.03.2024 04:16,2024-03-11,79.94
A1137,10.03.2024 13:58,2024-03-13,52.68
A1138,11.03.2024 06:50,2024-03-13,33.58
A1139,11.03.2024 20:09,2024-03-14,56.69
A1140,14.03.2024 16:10,2024-03-16,98.42
A1141,15.03.2024 04:43,2024-03-17,127.57
A1142,17.03.2024 14:38,2024-03-18,23.07
A1143,17.03.2024 21:43,2024-03-20,82.3
A1144,17.03.2024 23:12,2024-03-19,77.7
A1145,18.03.2024 03:11,2024-03-19,95.3
A1146,18.03.2024 11:59,2024-03-21,39.47
A1147,18.03.2024 17:52,2024-03-19,39.97
A1148,19.03.2024 14:19,2024-03-20,169.19
A1149,20.03.2024 20:45,2024-03-23,47.88
A1150,20.03.2024 21:09,2024-03-23,63.77
A1151,21.03.2024 18:19,2024-03-25,67.95
A1152,21.03.2024 22:17,2024-03-23,53.31
A1153,22.03.2024 01:13,2024-03-23,110.81
A1154,22.03.2024 02:46,2024-03-24,105.15
A1155,22.03.2024 13:00,2024-03-23,75.55
A1156,22.03.2024 17:03,2024-03-23,55.29
A1157,23.03.2024 16:24,2024-03-26,71.86
A1158,24.03.2024 05:35,2024-03-25,86.63
A1159,24.03.2024 07:10,2024-03-25,50.62
A1160,24.03.2024 09:03,,115.86
A1161,24.03.2024 17:03,2024-03-27,147.54
A1162,25.03.2024 21:24,2024-03-27,186.69
A1163,25.03.2024 22:41,2024-03-27,179.88
A1164,26.03.2024 00:25,2024-03-27,67.68
A1165,26.03.2024 07:09,2024-03-28,89.31
A1166,26.03.2024 08:45,2024-03-28,74.65
A1167,26.03.2024 09:30,2024-03-29,74.48
A1168,26.03.2024 19:36,2024-03-30,71.54
A1169,26.03.2024 22:52,2024-03-28,83.25
A1170,28.03.2024 08:38,2024-04-02,162.26
A1171,28.03.2024 09:07,2024-03-30,100.25
A1172,28.03.2024 10:20,2024-03-31,38.39
A1173,28.03.2024 16:03,2024-03-31,143.81
A1174,28.03.2024 22:15,2024-03-31,94.5
A1175,29.03.2024 00:23,2024-03-29,111.59
A1176,30.03.2024 14:58,2024-03-31,99.04
A1177,30.03.2024 18:19,2024-04-01,101.84
A1178,31.03.2024 12:55,2024-04-04,104.73
A1179,31.03.2024 16:54,2024-04-03,25.81
A1180,02.04.2024 07:17,2024-04-04,110.73
A1181,02.04.2024 08:32,2024-04-05,52.01
A1182,02.04.2024 12:30,2024-04-05,60.65
A1183,02.04.2024 16:04,2024-04-04,82.83
A1184,03.04.2024 00:58,2024-04-05,204.35
A1185,03.04.2024 03:11,2024-04-05,42.58
A1186,03.04.2024 11:23,2024-04-05,81.1
A1187,03.04.2024 22:04,2024-04-05,70.46
A1188,00.00.0000 00:00,2024-04-05,142.56
A1189,04.04.2024 17:44,2024-04-07,69.24
A1190,04.04.2024 18:48,2024-04-08,95.16
A1191,04.04.2024 23:26,2024-04-06,42.66
A1192,05.04.2024 00:29,2024-04-06,157.13
A1193,05.04.2024 02:54,2024-04-05,31.87
A1194,05.04.2024 09:37,2024-04-06,109.81
A1195,05.04.2024 15:51,2024-04-09,95.53
A1196,05.04.2024 18:20,2024-04-07,104.2
A1197,06.04.2024 00:20,2024-04-12,32.15
A1198,06.04.2024 17:20,2024-04-08,68.35
A1199,06.04.2024 19:33,2024-04-07,138.41
A1200,06.04.2024 22:54,2024-04-09,222.83
A1201,07.04.2024 21:43,2024-04-10,77.39
A1202,07.04.2024 22:06,not delivered,130.66
A1203,08.04.2024 08:56,2024-04-11,89.94
A1204,09.04.2024 00:22,2024-04-10,79.9
A1205,09.04.2024 22:25,2024-04-13,63.52
A1206,10.04.2024 01:33,2024-04-14,83.09
A1207,10.04.2024 15:34,2024-04-14,123.72
A1208,11.04.2024 04:54,2024-04-13,129.89
A1209,11.04.2024 06:06,2024-04-12,36.2
A1210,11.04.2024 06:16,2024-04-12,59.98
A1211,12.04.2024 02:28,2024-04-12,41.33
A1212,12.04.2024 08:04,2024-04-13,85.68
A1213,13.04.2024 17:48,2024-04-14,66.84
A1214,13.04.2024 22:37,2024-04-14,102.08
A1215,14.04.2024 00:19,2024-04-16,106.41
A1216,14.04.2024 03:02,2024-04-15,19.27
A1217,14.04.2024 07:52,2024-04-16,82.69
A1218,14.04.2024 08:45,2024-04-17,164.18
A1219,17.04.2024 21:07,2024-04-20,60.0
A1220,18.04.2024 12:11,2024-04-20,58.9
A1221,19.04.2024 02:29,2024-04-21,147.44
A1222,19.04.2024 09:47,2024-04-20,133.52
A1223,19.04.2024 15:29,2024-04-20,44.01
A1224,19.04.2024 23:56,2024-04-21,125.73
A1225,20.04.2024 08:42,2024-04-22,50.26
A1226,21.04.2024 10:50,2024-04-23,58.52
A1227,22.04.2024 00:52,2024-04-25,43.99
A1228,22.04.2024 13:04,2024-04-24,36.02
A1229,23.04.2024 21:35,2024-04-26,88.78
A1230,24.04.2024 04:04,2024-04-25,32.76
A1231,26.04.2024 11:54,2024-04-28,91.0
A1232,26.04.2024 18:15,2024-04-29,89.26
A1233,27.04.2024 10:25,not delivered,75.25
A1234,27.04.2024 15:13,2024-04-29,61.78
A1235,27.04.2024 19:36,2024-04-29,54.46
A1236,28.04.2024 09:47,2024-05-01,40.57
A1237,29.04.2024 06:17,2024-04-30,187.52
A1238,30.04.2024 10:52,2024-05-02,73.19
A1239,30.04.2024 20:47,2024-05-01,71.68
