date,x,y
2023-01-01,1.928,2.163
2023-01-02,0.151,-0.666
2023-01-03,0.18,-0.765
2023-01-04,0.703,0.629
2023-01-05,0.303,0.215
2023-01-06,0.895,0.551
2023-01-07,0.56,0.412
2023-01-08,1.059,0.621
2023-01-09,2.18,1.906
2023-01-10,0.85,0.331
2023-01-11,0.798,-0.27
2023-01-12,0.096,-0.321
2023-01-13,0.194,-0.197
2023-01-14,-1.051,-1.098
2023-01-15,-1.315,-1.41
2023-01-16,-1.117,-0.602
2023-01-17,0.117,0.761
2023-01-18,1.227,1.774
2023-01-19,-0.465,-0.522
2023-01-20,-1.12,-1.721
2023-01-21,-0.137,0.091
2023-01-22,-2.088,-1.54
2023-01-23,-1.925,-1.858
2023-01-24,-1.445,-0.422
2023-01-25,0.246,1.189
2023-01-26,0.861,1.569
2023-01-27,0.276,0.155
2023-01-28,-0.176,-0.598
2023-01-29,-0.373,-0.508
2023-01-30,1.262,1.348
2023-01-31,0.456,0.638
2023-02-01,0.015,-0.603
2023-02-02,0.363,0.14
2023-02-03,0.134,0.126
2023-02-04,-0.104,-0.282
2023-02-05,-1.187,-1.252
2023-02-06,-0.842,-0.791
2023-02-07,-1.033,-0.452
2023-02-08,0.443,0.856
2023-02-09,0.963,1.469
2023-02-10,0.65,0.433
2023-02-11,1.123,0.651
2023-02-12,0.447,0.128
2023-02-13,1.365,0.814
2023-02-14,0.95,0.731
2023-02-15,1.248,0.58
2023-02-16,-0.417,-0.883
2023-02-17,0.055,-0.557
2023-02-18,-1.65,-1.446
2023-02-19,-3.19,-3.217
2023-02-20,-2.538,-1.729
2023-02-21,-2.676,-1.113
2023-02-22,-1.709,-0.466
2023-02-23,1.048,2.36
2023-02-24,-0.098,0.74
2023-02-25,-0.693,-1.206
2023-02-26,-0.279,-0.231
2023-02-27,0.297,0.637
2023-02-28,0.032,0.169
2023-03-01,-0.184,-0.329
2023-03-02,0.574,0.558
2023-03-03,0.922,1.012
2023-03-04,-0.389,-0.67
2023-03-05,-0.351,-0.803
2023-03-06,-0.211,-0.02
2023-03-07,-1.202,-1.03
2023-03-08,-0.581,-0.478
2023-03-09,-1.265,-0.676
2023-03-10,0.087,0.371
2023-03-11,0.253,0.873
2023-03-12,0.267,0.224
2023-03-13,-0.404,-0.529
2023-03-14,-0.402,-0.532
2023-03-15,-2.279,-2.081
2023-03-16,-2.727,-2.53
2023-03-17,-1.546,-0.429
2023-03-18,-3.211,-1.875
2023-03-19,-1.401,-0.643
2023-03-20,-2.727,-1.153
2023-03-21,-1.152,-0.466
2023-03-22,-1.652,-0.316
2023-03-23,-0.377,0.187
2023-03-24,-0.133,0.676
2023-03-25,-1.63,-1.445
2023-03-26,0.108,0.173
2023-03-27,1.517,2.316
2023-03-28,0.996,0.943
2023-03-29,0.424,-0.32
2023-03-30,0.137,-0.352
2023-03-31,-0.88,-1.087
2023-04-01,0.483,0.416
2023-04-02,-0.205,0.226
2023-04-03,-0.195,-0.431
2023-04-04,-0.93,-0.829
2023-04-05,-1.277,-1.181
2023-04-06,-2.171,-1.716
2023-04-07,-0.263,0.363
2023-04-08,-0.338,0.726
2023-04-09,0.729,0.858
2023-04-10,0.524,0.689
2023-04-11,-0.328,-0.685
2023-04-12,-0.556,-0.813
2023-04-13,-0.95,-0.789
2023-04-14,-0.657,-0.384
2023-04-15,-0.835,-0.37
2023-04-16,-0.884,-0.563
2023-04-17,-1.998,-1.589
2023-04-18,-2.205,-1.772
2023-04-19,0.11,1.089
2023-04-20,-0.594,0.487
2023-04-21,-1.47,-1.524
2023-04-22,-0.692,-0.401
2023-04-23,0.923,1.643
2023-04-24,-0.808,-0.469
2023-04-25,-0.774,-1.226
2023-04-26,-1.174,-0.778
2023-04-27,-2.583,-2.203
2023-04-28,-1.073,-0.498
2023-04-29,-0.775,0.491
2023-04-30,-0.471,0.055
2023-05-01,-1.082,-0.702
2023-05-02,-0.302,-0.072
2023-05-03,-0.751,-0.221
2023-05-04,-0.669,-0.52
2023-05-05,-1.576,-1.208
2023-05-06,-2.32,-1.992
2023-05-07,-0.288,0.484
2023-05-08,-0.709,0.428
2023-05-09,-0.204,-0.063
2023-05-10,-0.177,0.17
2023-05-11,-0.565,-0.465
2023-05-12,-0.903,-0.817
2023-05-13,-0.002,0.275
2023-05-14,-0.304,0.139
2023-05-15,-0.364,-0.363
2023-05-16,-0.233,-0.084
2023-05-17,1.014,1.192
2023-05-18,1.39,1.504
2023-05-19,1.356,0.859
2023-05-20,0.385,-0.296
2023-05-21,-1.112,-1.776
2023-05-22,0.171,-0.018
2023-05-23,1.086,1.631
2023-05-24,0.62,0.536
2023-05-25,0.976,0.443
2023-05-26,1.464,1.161
2023-05-27,1.856,1.378
2023-05-28,2.221,1.503
2023-05-29,1.099,0.189
2023-05-30,2.284,1.196
2023-05-31,0.352,-0.186
2023-06-01,1.108,-0.011
2023-06-02,1.27,1.097
2023-06-03,1.762,1.219
2023-06-04,3.113,2.491
2023-06-05,3.663,2.8
2023-06-06,1.419,-0.106
2023-06-07,-0.695,-2.49
2023-06-08,0.33,-0.365
2023-06-09,-0.784,-0.443
2023-06-10,-0.561,-0.723
2023-06-11,0.447,0.831
2023-06-12,-1.331,-1.056
2023-06-13,-3.042,-3.261
2023-06-14,-1.87,-1.218
2023-06-15,-1.265,0.226
2023-06-16,-1.131,-0.215
2023-06-17,-0.753,-0.134
2023-06-18,-1.388,-0.834
2023-06-19,-2.485,-2.116
2023-06-20,-1.906,-1.226
2023-06-21,-2.306,-1.088
2023-06-22,-3.258,-2.324
2023-06-23,-1.775,-0.645
2023-06-24,-1.304,0.293
2023-06-25,-0.506,0.364
2023-06-26,-1.344,-0.705
2023-06-27,-1.599,-1.351
2023-06-28,-2.118,-1.46
2023-06-29,-2.369,-1.586
2023-06-30,-1.463,-0.425
2023-07-01,-1.807,-0.646
2023-07-02,-0.909,-0.192
2023-07-03,-0.296,0.589
2023-07-04,1.818,2.263
2023-07-05,-0.12,0.025
2023-07-06,0.804,-0.087
2023-07-07,0.473,0.532
2023-07-08,0.317,-0.077
2023-07-09,-1.228,-1.46
2023-07-10,-1.32,-1.475
2023-07-11,-0.181,0.421
2023-07-12,-0.209,0.438
2023-07-13,-0.065,0.023
2023-07-14,-0.336,-0.234
2023-07-15,0.919,0.951
2023-07-16,0.622,0.787
2023-07-17,-1.765,-2.215
2023-07-18,-1.928,-2.232
2023-07-19,-3.318,-2.453
2023-07-20,-5.574,-4.63
2023-07-21,-4.432,-2.806
2023-07-22,-1.769,0.962
2023-07-23,-1.191,0.981
2023-07-24,-2.006,-1.14
2023-07-25,-2.345,-1.761
2023-07-26,-0.511,0.472
2023-07-27,-0.2,0.949
2023-07-28,-0.092,0.158
2023-07-29,-0.118,-0.02
2023-07-30,-0.044,0.001
2023-07-31,0.775,0.832
2023-08-01,1.095,1.116
2023-08-02,0.982,0.603
2023-08-03,-0.355,-0.892
2023-08-04,0.262,-0.219
2023-08-05,-0.501,-0.326
2023-08-06,0.743,0.615
2023-08-07,-0.751,-0.505
2023-08-08,-0.663,-1.027
2023-08-09,-0.472,-0.104
2023-08-10,-1.655,-1.33
2023-08-11,0.564,0.795
2023-08-12,1.855,2.666
2023-08-13,0.835,0.559
2023-08-14,1.356,0.447
2023-08-15,1.328,0.919
2023-08-16,-1.684,-2.348
2023-08-17,-0.928,-1.579
2023-08-18,-0.711,0.114
2023-08-19,-0.415,0.04
2023-08-20,-1.367,-1.019
2023-08-21,-1.226,-1.023
2023-08-22,-1.037,-0.367
2023-08-23,0.462,1.063
2023-08-24,0.658,1.166
2023-08-25,0.455,0.229
2023-08-26,1.848,1.525
2023-08-27,0.738,0.515
2023-08-28,0.127,-0.778
2023-08-29,-1.728,-2.089
2023-08-30,0.36,0.297
2023-08-31,1.216,2.063
2023-09-01,1.768,1.592
2023-09-02,1.907,1.311
2023-09-03,1.445,0.578
2023-09-04,1.227,0.293
2023-09-05,0.607,-0.101
2023-09-06,0.221,-0.38
2023-09-07,0.209,-0.088
2023-09-08,1.658,1.55
2023-09-09,1.716,1.614
2023-09-10,1.143,0.331
2023-09-11,0.221,-0.62
2023-09-12,-0.48,-1.041
2023-09-13,1.266,1.158
2023-09-14,1.393,1.629
2023-09-15,1.043,0.422
2023-09-16,0.384,-0.299
2023-09-17,-0.84,-1.351
2023-09-18,-0.655,-0.843
2023-09-19,0.415,0.827
2023-09-20,-0.102,0.219
2023-09-21,-0.299,-0.502
2023-09-22,-0.43,-0.38
2023-09-23,-0.191,-0.045
2023-09-24,-1.727,-1.516
2023-09-25,-1.444,-1.351
2023-09-26,-1.865,-1.019
2023-09-27,-0.421,0.287
2023-09-28,-1.065,-0.151
2023-09-29,-0.169,0.038
2023-09-30,1.406,1.928
2023-10-01,0.671,0.754
2023-10-02,-0.132,-0.821
2023-10-03,0.099,-0.23
2023-10-04,0.067,0.132
2023-10-05,-0.947,-0.995
2023-10-06,-0.202,-0.235
2023-10-07,1.874,2.338
2023-10-08,1.054,1.153
2023-10-09,0.535,-0.384
2023-10-10,-0.671,-1.187
2023-10-11,-0.15,-0.412
2023-10-12,-1.352,-1.024
2023-10-13,-2.053,-1.98
2023-10-14,-0.158,0.505
2023-10-15,-1.016,-0.01
2023-10-16,0.37,0.448
2023-10-17,1.784,2.281
2023-10-18,1.508,1.326
2023-10-19,1.609,0.735
2023-10-20,3.078,2.34
2023-10-21,1.958,1.17
2023-10-22,0.778,-0.731
2023-10-23,-0.809,-1.768
2023-10-24,-0.524,-0.906
2023-10-25,1.112,1.508
2023-10-26,1.738,1.995
2023-10-27,0.275,-0.27
2023-10-28,-0.663,-1.515
2023-10-29,-0.968,-1.103
2023-10-30,-0.386,-0.061
2023-10-31,-0.475,-0.001
2023-11-01,-0.118,0.071
2023-11-02,0.214,0.447
2023-11-03,-0.149,-0.091
2023-11-04,-0.144,-0.249
2023-11-05,0.105,0.178
2023-11-06,-0.01,0.061
2023-11-07,0.496,0.445
2023-11-08,2.218,2.223
2023-11-09,2.145,1.902
2023-11-10,1.557,0.47
2023-11-11,-0.596,-1.647
2023-11-12,-0.029,-0.792
2023-11-13,-1.967,-1.675
2023-11-14,-2.786,-2.772
2023-11-15,-1.096,-0.132
2023-11-16,-0.061,1.304
2023-11-17,-0.192,0.344
2023-11-18,-1.845,-1.815
2023-11-19,-1.663,-1.568
2023-11-20,-1.843,-0.939
2023-11-21,-0.653,0.162
2023-11-22,1.801,2.704
2023-11-23,1.477,1.797
2023-11-24,0.255,-0.627
2023-11-25,-0.992,-1.716
2023-11-26,-0.751,-0.875
2023-11-27,-0.702,-0.216
2023-11-28,-1.643,-1.275
2023-11-29,-1.034,-0.69
2023-11-30,-1.875,-1.069
2023-12-01,-0.2,0.306
2023-12-02,0.923,1.841
2023-12-03,1.731,1.829
2023-12-04,0.737,0.285
2023-12-05,1.031,0.183
2023-12-06,0.589,0.228
2023-12-07,0.024,-0.481
2023-12-08,-0.323,-0.611
2023-12-09,-1.525,-1.537
2023-12-10,-2.512,-2.354
2023-12-11,-0.964,-0.216
2023-12-12,-0.866,0.365
2023-12-13,-0.39,0.083
2023-12-14,0.729,1.153
2023-12-15,-1.223,-1.032
2023-12-16,-1.64,-1.997
2023-12-17,-0.973,-0.374
2023-12-18,-0.289,0.515
2023-12-19,-0.579,-0.103
2023-12-20,0.624,0.765
2023-12-21,0.647,0.931
2023-12-22,-0.76,-1.066
2023-12-23,-1.463,-1.78
2023-12-24,-0.219,0.154
2023-12-25,0.311,1.028
2023-12-26,-1.682,-1.574
2023-12-27,0.171,0.018
2023-12-28,0.717,1.541
2023-12-29,1.846,1.762
2023-12-30,0.908,0.557
2023-12-31,0.34,-0.564
2024-01-01,-0.888,-1.333
2024-01-02,1.915,1.748
2024-01-03,1.165,1.6
2024-01-04,2.403,1.465
2024-01-05,1.035,0.464
2024-01-06,0.888,-0.289
2024-01-07,-1.05,-1.557
2024-01-08,-1.118,-1.553
2024-01-09,0.201,0.716
2024-01-10,-1.111,-0.563
2024-01-11,0.295,0.196
2024-01-12,0.544,1.088
2024-01-13,-0.663,-0.808
2024-01-14,-0.966,-1.232
2024-01-15,-1.135,-0.81
2024-01-16,-0.844,-0.371
2024-01-17,-1.127,-0.571
2024-01-18,-1.616,-1.203
2024-01-19,-1.436,-0.884
2024-01-20,-2.032,-1.24
2024-01-21,-2.712,-2.008
2024-01-22,-1.947,-0.951
2024-01-23,-0.48,0.849
2024-01-24,-1.865,-0.911
2024-01-25,-1.302,-1.067
2024-01-26,-1.561,-0.648
2024-01-27,-2.07,-1.432
2024-01-28,-0.596,0.169
2024-01-29,-0.935,0.079
2024-01-30,0.844,1.136
2024-01-31,-0.189,0.269
2024-02-01,0.254,-0.159
2024-02-02,-0.049,0.043
2024-02-03,-0.789,-0.913
2024-02-04,0.036,0.06
2024-02-05,-0.13,0.256
2024-02-06,0.512,0.495
2024-02-07,0.311,0.375
2024-02-08,-0.868,-1.119
2024-02-09,-0.71,-0.862
2024-02-10,-0.445,-0.019
2024-02-11,0.647,0.995
2024-02-12,-0.453,-0.235
2024-02-13,-0.357,-0.674
2024-02-14,-1.972,-1.749
2024-02-15,-0.729,-0.554
2024-02-16,-1.591,-0.625
2024-02-17,-2.92,-2.563
2024-02-18,-2.103,-1.324
2024-02-19,-0.367,1.064
2024-02-20,-1.781,-0.75
2024-02-21,-2.335,-2.155
2024-02-22,-2.378,-1.505
2024-02-23,-2.794,-1.65
2024-02-24,-1.576,-0.411
2024-02-25,-1.911,-0.542
2024-02-26,-2.059,-1.287
2024-02-27,-0.858,0.078
2024-02-28,-1.356,-0.347
2024-02-29,-0.517,-0.096
2024-03-01,-1.333,-0.668
2024-03-02,-2.145,-1.892
2024-03-03,-3.337,-2.684
2024-03-04,-0.475,0.576
2024-03-05,-0.653,0.983
2024-03-06,-0.213,0.02
2024-03-07,-0.18,0.14
2024-03-08,0.034,0.138
2024-03-09,0.073,0.162
2024-03-10,1.96,1.943
2024-03-11,0.333,0.297
2024-03-12,-1.324,-2.285
2024-03-13,-1.939,-2.102
2024-03-14,-2.692,-2.043
2024-03-15,-1.137,-0.187
2024-03-16,0.024,1.343
2024-03-17,-0.944,-0.387
2024-03-18,-2.052,-2.063
2024-03-19,-1.791,-1.328
2024-03-20,0.138,1.143
2024-03-21,-2.723,-1.846
2024-03-22,-1.38,-1.447
2024-03-23,-2.042,-0.707
2024-03-24,-0.389,0.287
2024-03-25,-1.35,-0.35
2024-03-26,-1.23,-1.04
2024-03-27,-2.368,-1.706
2024-03-28,-2.635,-2.032
2024-03-29,-0.458,0.702
2024-03-30,0.5,1.791
2024-03-31,-0.052,0.173
2024-04-01,-0.906,-1.151
2024-04-02,-2.528,-2.503
2024-04-03,-2.163,-1.719
2024-04-04,-1.545,-0.306
2024-04-05,-1.166,-0.106
2024-04-06,-0.91,-0.153
2024-04-07,-1.759,-1.187
2024-04-08,-1.297,-0.852
2024-04-09,-0.947,-0.085
2024-04-10,0.628,1.263
2024-04-11,2.306,2.77
2024-04-12,1.477,1.17
2024-04-13,0.268,-0.862
2024-04-14,0.122,-0.601
2024-04-15,-0.522,-0.653
2024-04-16,-1.108,-1.168
2024-04-17,-0.834,-0.578
2024-04-18,-1.627,-1.084
2024-04-19,-0.533,-0.124
2024-04-20,-0.477,0.32
2024-04-21,-0.084,0.177
2024-04-22,-0.242,-0.008
2024-04-23,-0.896,-0.855
2024-04-24,-1.575,-1.457
2024-04-25,-1.34,-0.901
2024-04-26,-1.487,-0.715
2024-04-27,-0.807,-0.15
2024-04-28,-0.569,0.159
2024-04-29,-1.761,-1.365
2024-04-30,-1.165,-0.886
2024-05-01,-2.159,-1.296
2024-05-02,-2.128,-1.556
2024-05-03,-1.784,-0.726
2024-05-04,-3.324,-2.281
2024-05-05,-2.235,-1.361
2024-05-06,-1.414,0.215
2024-05-07,-1.148,-0.052
2024-05-08,-1.228,-0.535
2024-05-09,-1.233,-0.671
2024-05-10,-1.84,-1.238
2024-05-11,-1.557,-0.953
2024-05-12,-1.643,-0.741
2024-05-13,-1.058,-0.295
2024-05-14,-1.945,-1.14
2024-05-15,-1.126,-0.607
2024-05-16,-0.645,0.308
2024-05-17,-0.593,-0.041
2024-05-18,-0.854,-0.538
2024-05-19,-0.046,0.245
2024-05-20,-1.697,-1.278
2024-05-21,-0.727,-0.705
2024-05-22,-0.266,0.565
2024-05-23,0.097,0.454
2024-05-24,0.451,0.582
2024-05-25,-0.338,-0.385
2024-05-26,-0.496,-0.717
2024-05-27,0.29,0.455
2024-05-28,0.634,0.877
2024-05-29,0.65,0.508
2024-05-30,-1.059,-1.37
2024-05-31,-0.204,-0.522
2024-06-01,1.027,1.546
2024-06-02,1.729,1.828
2024-06-03,1.444,0.941
2024-06-04,-0.547,-1.394
2024-06-05,0.56,-0.148
2024-06-06,0.245,0.513
2024-06-07,-2.361,-2.636
2024-06-08,-1.276,-1.396
2024-06-09,-2.385,-1.228
2024-06-10,-2.966,-2.341
2024-06-11,-2.711,-1.542
2024-06-12,-0.625,0.828
2024-06-13,-0.809,0.52
2024-06-14,-0.295,0.011
2024-06-15,1.541,1.938
2024-06-16,2.673,2.818
2024-06-17,1.768,1.012
2024-06-18,0.996,-0.314
2024-06-19,-0.564,-1.43
2024-06-20,-1.089,-1.577
2024-06-21,-0.337,-0.061
2024-06-22,0.16,0.693
2024-06-23,0.222,0.387
2024-06-24,1.15,1.072
2024-06-25,0.033,-0.076
2024-06-26,-0.033,-0.597
2024-06-27,0.708,0.692
2024-06-28,1.08,1.096
2024-06-29,1.827,1.48
2024-06-30,1.676,1.147
2024-07-01,0.864,-0.031
2024-07-02,0.967,0.146
2024-07-03,-0.326,-0.749
2024-07-04,-1.868,-2.341
2024-07-05,-0.727,-0.567
2024-07-06,-0.564,0.351
2024-07-07,-0.086,0.27
2024-07-08,-1.758,-1.482
2024-07-09,-1.596,-1.553
2024-07-10,-1.717,-0.855
2024-07-11,-2.066,-1.284
2024-07-12,-3.701,-2.86
2024-07-13,-2.926,-1.913
2024-07-14,-1.151,0.663
2024-07-15,-0.425,1.009
2024-07-16,-0.898,-0.334
2024-07-17,-0.644,-0.436
2024-07-18,0.306,0.746
2024-07-19,-2.546,-2.231
2024-07-20,-1.907,-2.057
2024-07-21,-0.792,0.456
2024-07-22,0.128,1.062
2024-07-23,1.79,2.178
2024-07-24,2.388,2.326
2024-07-25,1.984,1.107
2024-07-26,1.691,0.521
2024-07-27,1.971,0.998
2024-07-28,0.84,0.012
2024-07-29,0.548,-0.418
2024-07-30,1.29,0.878
2024-07-31,2.86,2.592
2024-08-01,1.843,1.211
2024-08-02,1.242,-0.16
2024-08-03,1.068,0.165
2024-08-04,2.091,1.482
2024-08-05,1.433,0.91
2024-08-06,2.473,1.448
2024-08-07,0.764,0.062
2024-08-08,0.349,-0.863
2024-08-09,0.046,-0.328
2024-08-10,0.819,0.648
2024-08-11,1.618,1.596
2024-08-12,-0.377,-0.778
2024-08-13,-1.179,-1.972
2024-08-14,-0.488,-0.304
2024-08-15,-1.0,-0.423
2024-08-16,-2.223,-1.984
2024-08-17,-0.517,-0.027
2024-08-18,0.132,1.221
2024-08-19,0.585,0.839
2024-08-20,-0.066,-0.13
2024-08-21,0.983,0.696
2024-08-22,0.448,0.48
